Application,ProcessID,SwapChainAddress,Runtime,SyncInterval,PresentFlags,Dropped,TimeInSeconds,msInPresentAPI,msBetweenPresents,AllowsTearing,PresentMode,msUntilRenderComplete,msUntilDisplayed,msBetweenDisplayChange
M1937.exe,18464,0x000000000B7ACE80,D3D9,-1,0,0,1.14849820000000,1.73070000000000,530.51210000000003,0,Composed: Copy with GPU GDI,1.66280000000000,26.90270000000000,516.63159999999993
M1937.exe,18464,0x000000000B7ACE80,D3D9,-1,0,0,1.16075970000000,0.83000000000000,12.26150000000000,0,Composed: Copy with GPU GDI,0.99180000000000,31.30120000000000,16.66000000000000
M1937.exe,18464,0x000000000B7ACE80,D3D9,-1,0,0,1.17697710000000,0.78370000000000,16.21740000000000,0,Composed: Copy with GPU GDI,0.90100000000000,31.75440000000000,16.67060000000000
M1937.exe,18464,0x000000000B7ACE80,D3D9,-1,0,0,1.19371860000000,0.64760000000000,16.74150000000000,0,Composed: Copy with GPU GDI,0.76920000000000,31.68420000000000,16.67130000000000
M1937.exe,18464,0x000000000B7ACE80,D3D9,-1,0,0,1.21011800000000,0.64350000000000,16.39940000000000,0,Composed: Copy with GPU GDI,0.75090000000000,31.94160000000000,16.65680000000000
M1937.exe,18464,0x000000000B7ACE80,D3D9,-1,0,0,1.22710620000000,0.88100000000000,16.98820000000000,0,Composed: Copy with GPU GDI,0.91180000000000,31.63370000000000,16.68030000000000
M1937.exe,18464,0x000000000B7ACE80,D3D9,-1,0,0,1.24359320000000,0.70760000000000,16.48700000000000,0,Composed: Copy with GPU GDI,0.81520000000000,31.79630000000000,16.64960000000000
M1937.exe,18464,0x000000000B7ACE80,D3D9,-1,0,0,1.26036350000000,0.70280000000000,16.77030000000000,0,Composed: Copy with GPU GDI,0.81290000000000,31.69420000000000,16.66820000000000
M1937.exe,18464,0x000000000B7ACE80,D3D9,-1,0,0,1.27677220000000,0.52830000000000,16.40870000000000,0,Composed: Copy with GPU GDI,0.66720000000000,31.95040000000000,16.66490000000000
M1937.exe,18464,0x000000000B7ACE80,D3D9,-1,0,0,1.29392700000000,0.82390000000000,17.15480000000000,0,Composed: Copy with GPU GDI,0.93540000000000,31.46010000000000,16.66450000000000
M1937.exe,18464,0x000000000B7ACE80,D3D9,-1,0,0,1.31038700000000,0.75520000000000,16.46000000000000,0,Composed: Copy with GPU GDI,1.10720000000000,31.66660000000000,16.66650000000000
M1937.exe,18464,0x000000000B7ACE80,D3D9,-1,0,0,1.32686350000000,0.77320000000000,16.47650000000000,0,Composed: Copy with GPU GDI,0.82730000000000,31.85860000000000,16.66850000000000
M1937.exe,18464,0x000000000B7ACE80,D3D9,-1,0,0,1.34363850000000,0.65840000000000,16.77500000000000,0,Composed: Copy with GPU GDI,0.78660000000000,31.74590000000000,16.66230000000000
M1937.exe,18464,0x000000000B7ACE80,D3D9,-1,0,0,1.36034650000000,0.74500000000000,16.70800000000000,0,Composed: Copy with GPU GDI,0.85440000000000,31.70470000000000,16.66680000000000
M1937.exe,18464,0x000000000B7ACE80,D3D9,-1,0,0,1.37712610000000,0.78460000000000,16.77960000000000,0,Composed: Copy with GPU GDI,0.85490000000000,31.59340000000000,16.66830000000000
M1937.exe,18464,0x000000000B7ACE80,D3D9,-1,0,0,1.39380050000000,0.73660000000000,16.67440000000000,0,Composed: Copy with GPU GDI,1.10180000000000,31.59080000000000,16.67180000000000
M1937.exe,18464,0x000000000B7ACE80,D3D9,-1,0,0,1.41014010000000,0.54730000000000,16.33960000000000,0,Composed: Copy with GPU GDI,0.67810000000000,31.90690000000000,16.65570000000000
M1937.exe,18464,0x000000000B7ACE80,D3D9,-1,0,0,1.42710560000000,0.65060000000000,16.96550000000000,0,Composed: Copy with GPU GDI,0.76110000000000,31.60800000000000,16.66660000000000
M1937.exe,18464,0x000000000B7ACE80,D3D9,-1,0,0,1.44350090000000,0.59590000000000,16.39530000000000,0,Composed: Copy with GPU GDI,0.71320000000000,31.87980000000000,16.66710000000000
M1937.exe,18464,0x000000000B7ACE80,D3D9,-1,0,0,1.46054340000000,0.81550000000000,17.04250000000000,0,Composed: Copy with GPU GDI,1.07260000000000,31.50080000000000,16.66350000000000
M1937.exe,18464,0x000000000B7ACE80,D3D9,-1,0,0,1.47685910000000,0.48270000000000,16.31570000000000,0,Composed: Copy with GPU GDI,0.61800000000000,31.87280000000000,16.68770000000000
M1937.exe,18464,0x000000000B7ACE80,D3D9,-1,0,0,1.49368760000000,0.70730000000000,16.82850000000000,0,Composed: Copy with GPU GDI,0.81620000000000,31.68840000000000,16.64410000000000
M1937.exe,18464,0x000000000B7ACE80,D3D9,-1,0,0,1.51029390000000,0.80290000000000,16.60630000000000,0,Composed: Copy with GPU GDI,0.88020000000000,31.74720000000000,16.66510000000000
M1937.exe,18464,0x000000000B7ACE80,D3D9,-1,0,0,1.52739530000000,0.64150000000000,17.10140000000000,0,Composed: Copy with GPU GDI,0.78500000000000,31.31320000000000,16.66740000000000
M1937.exe,18464,0x000000000B7ACE80,D3D9,-1,0,0,1.54377470000000,0.45370000000000,16.37940000000000,0,Composed: Copy with GPU GDI,0.62190000000000,31.62510000000000,16.69130000000000
M1937.exe,18464,0x000000000B7ACE80,D3D9,-1,0,0,1.56037190000000,0.48010000000000,16.59720000000000,0,Composed: Copy with GPU GDI,0.60680000000000,31.67320000000000,16.64530000000000
M1937.exe,18464,0x000000000B7ACE80,D3D9,-1,0,0,1.57693800000000,0.61170000000000,16.56610000000000,0,Composed: Copy with GPU GDI,0.75450000000000,31.80160000000000,16.69450000000000
M1937.exe,18464,0x000000000B7ACE80,D3D9,-1,0,0,1.59347720000000,0.67190000000000,16.53920000000000,0,Composed: Copy with GPU GDI,0.77830000000000,31.92630000000000,16.66390000000000
M1937.exe,18464,0x000000000B7ACE80,D3D9,-1,0,0,1.61035720000000,0.72150000000000,16.88000000000000,0,Composed: Copy with GPU GDI,0.81870000000000,31.68170000000000,16.63540000000000
M1937.exe,18464,0x000000000B7ACE80,D3D9,-1,0,0,1.62714270000000,0.70130000000000,16.78550000000000,0,Composed: Copy with GPU GDI,1.16200000000000,31.65680000000000,16.76060000000000
M1937.exe,18464,0x000000000B7ACE80,D3D9,-1,0,0,1.64342270000000,0.46290000000000,16.28000000000000,0,Composed: Copy with GPU GDI,0.60490000000000,31.96110000000000,16.58430000000000
M1937.exe,18464,0x000000000B7ACE80,D3D9,-1,0,0,1.66030470000000,0.56020000000000,16.88200000000000,0,Composed: Copy with GPU GDI,0.68310000000000,31.77530000000000,16.69620000000000
M1937.exe,18464,0x000000000B7ACE80,D3D9,-1,0,0,1.67690140000000,0.68830000000000,16.59670000000000,0,Composed: Copy with GPU GDI,0.80440000000000,31.79770000000000,16.61910000000000
M1937.exe,18464,0x000000000B7ACE80,D3D9,-1,0,0,1.69363690000000,0.64540000000000,16.73550000000000,0,Composed: Copy with GPU GDI,0.74860000000000,31.73880000000000,16.67660000000000
M1937.exe,18464,0x000000000B7ACE80,D3D9,-1,0,0,1.71014370000000,0.57860000000000,16.50680000000000,0,Composed: Copy with GPU GDI,0.69970000000000,31.88900000000000,16.65700000000000
M1937.exe,18464,0x000000000B7ACE80,D3D9,-1,0,0,1.72689880000000,0.72470000000000,16.75510000000000,0,Composed: Copy with GPU GDI,0.82730000000000,31.80860000000000,16.67470000000000
M1937.exe,18464,0x000000000B7ACE80,D3D9,-1,0,0,1.74360360000000,0.72910000000000,16.70480000000000,0,Composed: Copy with GPU GDI,0.84030000000000,31.76710000000000,16.66330000000000
M1937.exe,18464,0x000000000B7ACE80,D3D9,-1,0,0,1.76031920000000,0.87060000000000,16.71560000000000,0,Composed: Copy with GPU GDI,0.95470000000000,31.71840000000000,16.66690000000000
M1937.exe,18464,0x000000000B7ACE80,D3D9,-1,0,0,1.77703150000000,0.58850000000000,16.71230000000000,0,Composed: Copy with GPU GDI,0.71250000000000,31.66700000000000,16.66090000000000
M1937.exe,18464,0x000000000B7ACE80,D3D9,-1,0,0,1.79382280000000,0.82890000000000,16.79130000000000,0,Composed: Copy with GPU GDI,0.89640000000000,31.54570000000000,16.67000000000000
M1937.exe,18464,0x000000000B7ACE80,D3D9,-1,0,0,1.81022870000000,0.69420000000000,16.40590000000000,0,Composed: Copy with GPU GDI,0.79720000000000,31.82440000000000,16.68460000000000
M1937.exe,18464,0x000000000B7ACE80,D3D9,-1,0,0,1.82700790000000,0.67350000000000,16.77920000000000,0,Composed: Copy with GPU GDI,0.81870000000000,31.69180000000000,16.64660000000000
M1937.exe,18464,0x000000000B7ACE80,D3D9,-1,0,0,1.84384640000000,0.81430000000000,16.83850000000000,0,Composed: Copy with GPU GDI,0.88520000000000,31.51250000000000,16.65920000000000
M1937.exe,18464,0x000000000B7ACE80,D3D9,-1,0,0,1.86056600000000,0.72830000000000,16.71960000000000,0,Composed: Copy with GPU GDI,0.84210000000000,31.46030000000000,16.66740000000000
M1937.exe,18464,0x000000000B7ACE80,D3D9,-1,0,0,1.87707330000000,0.69720000000000,16.50730000000000,0,Composed: Copy with GPU GDI,0.80930000000000,31.64120000000000,16.68820000000000
M1937.exe,18464,0x000000000B7ACE80,D3D9,-1,0,0,1.89361020000000,0.78420000000000,16.53690000000000,0,Composed: Copy with GPU GDI,0.85420000000000,31.74500000000000,16.64070000000000
M1937.exe,18464,0x000000000B7ACE80,D3D9,-1,0,0,1.91039880000000,0.80440000000000,16.78860000000000,0,Composed: Copy with GPU GDI,0.88720000000000,31.62710000000000,16.67070000000000
M1937.exe,18464,0x000000000B7ACE80,D3D9,-1,0,0,1.92721670000000,0.71770000000000,16.81790000000000,0,Composed: Copy with GPU GDI,1.05350000000000,31.45950000000000,16.65030000000000
M1937.exe,18464,0x000000000B7ACE80,D3D9,-1,0,0,1.94365410000000,0.38520000000000,16.43740000000000,0,Composed: Copy with GPU GDI,0.51190000000000,31.74850000000000,16.72640000000000
M1937.exe,18464,0x000000000B7ACE80,D3D9,-1,0,0,1.96046950000000,0.53120000000000,16.81540000000000,0,Composed: Copy with GPU GDI,0.90060000000000,31.63240000000000,16.69930000000000
M1937.exe,18464,0x000000000B7ACE80,D3D9,-1,0,0,1.97691750000000,0.38520000000000,16.44800000000000,0,Composed: Copy with GPU GDI,0.55900000000000,31.89660000000000,16.71220000000000
M1937.exe,18464,0x000000000B7ACE80,D3D9,-1,0,0,1.99383290000000,0.46760000000000,16.91540000000000,0,Composed: Copy with GPU GDI,0.58720000000000,31.66890000000000,16.68770000000000
M1937.exe,18464,0x000000000B7ACE80,D3D9,-1,0,0,2.01091400000000,0.65200000000000,17.08110000000000,0,Composed: Copy with GPU GDI,0.99570000000000,31.23070000000000,16.64290000000000
M1937.exe,18464,0x000000000B7ACE80,D3D9,-1,0,0,2.02730660000000,0.50210000000000,16.39260000000000,0,Composed: Copy with GPU GDI,0.63260000000000,31.62010000000000,16.78200000000000
M1937.exe,18464,0x000000000B7ACE80,D3D9,-1,0,0,2.04401910000000,0.45910000000000,16.71250000000000,0,Composed: Copy with GPU GDI,0.61520000000000,31.57630000000000,16.66870000000000
M1937.exe,18464,0x000000000B7ACE80,D3D9,-1,0,0,2.06108840000000,0.66640000000000,17.06930000000000,0,Composed: Copy with GPU GDI,0.70870000000000,31.07640000000000,16.56940000000000
M1937.exe,18464,0x000000000B7ACE80,D3D9,-1,0,0,2.07809820000000,0.72450000000000,17.00980000000000,0,Composed: Copy with GPU GDI,0.68810000000000,30.61310000000000,16.54650000000000
M1937.exe,18464,0x000000000B7ACE80,D3D9,-1,0,0,2.09504650000000,0.80900000000000,16.94830000000000,0,Composed: Copy with GPU GDI,1.23700000000000,30.40210000000000,16.73730000000000
M1937.exe,18464,0x000000000B7ACE80,D3D9,-1,0,0,2.11200700000000,1.22730000000000,16.96050000000000,0,Composed: Copy with GPU GDI,1.19170000000000,30.26040000000000,16.81880000000000
M1937.exe,18464,0x000000000B7ACE80,D3D9,-1,0,0,2.12903280000000,1.54310000000000,17.02580000000000,0,Composed: Copy with GPU GDI,1.36060000000000,29.93120000000000,16.69660000000000
M1937.exe,18464,0x000000000B7ACE80,D3D9,-1,0,0,2.14573970000000,1.19900000000000,16.70690000000000,0,Composed: Copy with GPU GDI,1.13500000000000,29.89420000000000,16.66990000000000
M1937.exe,18464,0x000000000B7ACE80,D3D9,-1,0,0,2.16262280000000,1.53810000000000,16.88310000000000,0,Composed: Copy with GPU GDI,1.22940000000000,29.59630000000000,16.58520000000000
M1937.exe,18464,0x000000000B7ACE80,D3D9,-1,0,0,2.17928970000000,1.54370000000000,16.66690000000000,0,Composed: Copy with GPU GDI,1.27490000000000,29.67700000000000,16.74760000000000
M1937.exe,18464,0x000000000B7ACE80,D3D9,-1,0,0,2.19620830000000,1.29470000000000,16.91860000000000,0,Composed: Copy with GPU GDI,1.21890000000000,29.25720000000000,16.49880000000000
M1937.exe,18464,0x000000000B7ACE80,D3D9,-1,0,0,2.21233810000000,1.24250000000000,16.12980000000000,0,Composed: Copy with GPU GDI,1.17740000000000,29.74070000000000,16.61330000000000
M1937.exe,18464,0x000000000B7ACE80,D3D9,-1,0,0,2.22921000000000,1.35070000000000,16.87190000000000,0,Composed: Copy with GPU GDI,1.29990000000000,29.56390000000000,16.69510000000000
M1937.exe,18464,0x000000000B7ACE80,D3D9,-1,0,0,2.24558150000000,1.21410000000000,16.37150000000000,0,Composed: Copy with GPU GDI,1.35700000000000,29.81750000000000,16.62510000000000
M1937.exe,18464,0x000000000B7ACE80,D3D9,-1,0,0,2.26158030000000,0.79350000000000,15.99880000000000,0,Composed: Copy with GPU GDI,0.74560000000000,30.43920000000000,16.62050000000000
M1937.exe,18464,0x000000000B7ACE80,D3D9,-1,0,0,2.27783790000000,0.71480000000000,16.25760000000000,0,Composed: Copy with GPU GDI,0.71710000000000,30.84300000000000,16.66140000000000
M1937.exe,18464,0x000000000B7ACE80,D3D9,-1,0,0,2.29383510000000,0.81490000000000,15.99720000000000,0,Composed: Copy with GPU GDI,0.91310000000000,31.53610000000000,16.69030000000000
M1937.exe,18464,0x000000000B7ACE80,D3D9,-1,0,0,2.31032870000000,0.79180000000000,16.49360000000000,0,Composed: Copy with GPU GDI,0.87500000000000,31.69440000000000,16.65190000000000
M1937.exe,18464,0x000000000B7ACE80,D3D9,-1,0,0,2.32701500000000,0.44390000000000,16.68630000000000,0,Composed: Copy with GPU GDI,0.61980000000000,31.71800000000000,16.70990000000000
M1937.exe,18464,0x000000000B7ACE80,D3D9,-1,0,0,2.34364090000000,0.91910000000000,16.62590000000000,0,Composed: Copy with GPU GDI,0.89620000000000,31.72520000000000,16.63310000000000
M1937.exe,18464,0x000000000B7ACE80,D3D9,-1,0,0,2.36063030000000,0.60280000000000,16.98940000000000,0,Composed: Copy with GPU GDI,0.71310000000000,31.37480000000000,16.63900000000000
M1937.exe,18464,0x000000000B7ACE80,D3D9,-1,0,0,2.37692560000000,0.43480000000000,16.29530000000000,0,Composed: Copy with GPU GDI,0.59470000000000,31.76790000000000,16.68840000000000
M1937.exe,18464,0x000000000B7ACE80,D3D9,-1,0,0,2.39352050000000,0.52330000000000,16.59490000000000,0,Composed: Copy with GPU GDI,0.68300000000000,31.84010000000000,16.66710000000000
M1937.exe,18464,0x000000000B7ACE80,D3D9,-1,0,0,2.41030920000000,0.81780000000000,16.78870000000000,0,Composed: Copy with GPU GDI,1.15040000000000,31.68730000000000,16.63590000000000
M1937.exe,18464,0x000000000B7ACE80,D3D9,-1,0,0,2.42678890000000,0.56810000000000,16.47970000000000,0,Composed: Copy with GPU GDI,0.75930000000000,31.91160000000000,16.70400000000000
M1937.exe,18464,0x000000000B7ACE80,D3D9,-1,0,0,2.44349290000000,0.68380000000000,16.70400000000000,0,Composed: Copy with GPU GDI,0.78130000000000,32.09500000000000,16.88740000000000
M1937.exe,18464,0x000000000B7ACE80,D3D9,-1,0,0,2.46080890000000,0.80410000000000,17.31600000000000,0,Composed: Copy with GPU GDI,0.85120000000000,31.44830000000000,16.66930000000000
M1937.exe,18464,0x000000000B7ACE80,D3D9,-1,0,0,2.47740630000000,0.41780000000000,16.59740000000000,0,Composed: Copy with GPU GDI,0.60110000000000,31.42670000000000,16.57580000000000
M1937.exe,18464,0x000000000B7ACE80,D3D9,-1,0,0,2.49433250000000,0.51000000000000,16.92620000000000,0,Composed: Copy with GPU GDI,0.62310000000000,31.17920000000000,16.67870000000000
M1937.exe,18464,0x000000000B7ACE80,D3D9,-1,0,0,2.51093080000000,0.67100000000000,16.59830000000000,0,Composed: Copy with GPU GDI,2.52030000000000,31.06650000000000,16.48560000000000
M1937.exe,18464,0x000000000B7ACE80,D3D9,-1,0,0,2.52783550000000,0.73490000000000,16.90470000000000,0,Composed: Copy with GPU GDI,0.70480000000000,30.87610000000000,16.71430000000000
M1937.exe,18464,0x000000000B7ACE80,D3D9,-1,0,0,2.54414110000000,0.74130000000000,16.30560000000000,0,Composed: Copy with GPU GDI,0.72730000000000,31.44260000000000,16.87210000000000
M1937.exe,18464,0x000000000B7ACE80,D3D9,-1,0,0,2.56045330000000,0.46890000000000,16.31220000000000,0,Composed: Copy with GPU GDI,0.65110000000000,31.69630000000000,16.56590000000000
M1937.exe,18464,0x000000000B7ACE80,D3D9,-1,0,0,2.57747550000000,0.90120000000000,17.02220000000000,0,Composed: Copy with GPU GDI,1.20540000000000,31.22730000000000,16.55320000000000
M1937.exe,18464,0x000000000B7ACE80,D3D9,-1,0,0,2.59463470000000,0.88690000000000,17.15920000000000,0,Composed: Copy with GPU GDI,0.77000000000000,30.85150000000000,16.78340000000000
M1937.exe,18464,0x000000000B7ACE80,D3D9,-1,0,0,2.61109280000000,0.73890000000000,16.45810000000000,0,Composed: Copy with GPU GDI,0.70220000000000,31.05510000000000,16.66170000000000
M1937.exe,18464,0x000000000B7ACE80,D3D9,-1,0,0,2.62817530000000,0.88320000000000,17.08250000000000,0,Composed: Copy with GPU GDI,0.86230000000000,30.71980000000000,16.74720000000000
M1937.exe,18464,0x000000000B7ACE80,D3D9,-1,0,0,2.64444480000000,0.73330000000000,16.26950000000000,0,Composed: Copy with GPU GDI,0.71350000000000,30.94060000000000,16.49030000000000
M1937.exe,18464,0x000000000B7ACE80,D3D9,-1,0,0,2.66124290000000,0.71130000000000,16.79810000000000,0,Composed: Copy with GPU GDI,0.70000000000000,30.99050000000000,16.84800000000000
M1937.exe,18464,0x000000000B7ACE80,D3D9,-1,0,0,2.67775730000000,0.71920000000000,16.51440000000000,0,Composed: Copy with GPU GDI,0.78820000000000,31.14330000000000,16.66720000000000
M1937.exe,18464,0x000000000B7ACE80,D3D9,-1,0,0,2.69462090000000,0.73530000000000,16.86360000000000,0,Composed: Copy with GPU GDI,0.71730000000000,30.82570000000000,16.54600000000000
M1937.exe,18464,0x000000000B7ACE80,D3D9,-1,0,0,2.71104020000000,0.75470000000000,16.41930000000000,0,Composed: Copy with GPU GDI,0.73740000000000,31.19150000000000,16.78510000000000
M1937.exe,18464,0x000000000B7ACE80,D3D9,-1,0,0,2.72765220000000,0.74450000000000,16.61200000000000,0,Composed: Copy with GPU GDI,0.72490000000000,31.24280000000000,16.66330000000000
M1937.exe,18464,0x000000000B7ACE80,D3D9,-1,0,0,2.74453860000000,0.84100000000000,16.88640000000000,0,Composed: Copy with GPU GDI,0.86150000000000,30.80850000000000,16.45210000000000
M1937.exe,18464,0x000000000B7ACE80,D3D9,-1,0,0,2.76145980000000,0.69760000000000,16.92120000000000,0,Composed: Copy with GPU GDI,0.68320000000000,30.57710000000000,16.68980000000000
M1937.exe,18464,0x000000000B7ACE80,D3D9,-1,0,0,2.77741800000000,0.72370000000000,15.95820000000000,0,Composed: Copy with GPU GDI,0.71110000000000,31.25570000000000,16.63680000000000
M1937.exe,18464,0x000000000B7ACE80,D3D9,-1,0,0,2.79419770000000,0.82410000000000,16.77970000000000,0,Composed: Copy with GPU GDI,0.84840000000000,31.11740000000000,16.64140000000000
M1937.exe,18464,0x000000000B7ACE80,D3D9,-1,0,0,2.81021290000000,0.70080000000000,16.01520000000000,0,Composed: Copy with GPU GDI,0.79240000000000,31.80050000000000,16.69830000000000
M1937.exe,18464,0x000000000B7ACE80,D3D9,-1,0,0,2.82708810000000,0.72210000000000,16.87520000000000,0,Composed: Copy with GPU GDI,1.09270000000000,31.56430000000000,16.63900000000000
M1937.exe,18464,0x000000000B7ACE80,D3D9,-1,0,0,2.84347430000000,0.82230000000000,16.38620000000000,0,Composed: Copy with GPU GDI,0.92170000000000,31.86710000000000,16.68900000000000
M1937.exe,18464,0x000000000B7ACE80,D3D9,-1,0,0,2.86027800000000,0.72170000000000,16.80370000000000,0,Composed: Copy with GPU GDI,0.84060000000000,31.71360000000000,16.65020000000000
M1937.exe,18464,0x000000000B7ACE80,D3D9,-1,0,0,2.87684890000000,0.64560000000000,16.57090000000000,0,Composed: Copy with GPU GDI,0.75350000000000,31.83080000000000,16.68810000000000
M1937.exe,18464,0x000000000B7ACE80,D3D9,-1,0,0,2.89363810000000,0.65640000000000,16.78920000000000,0,Composed: Copy with GPU GDI,0.77770000000000,31.70060000000000,16.65900000000000
M1937.exe,18464,0x000000000B7ACE80,D3D9,-1,0,0,2.91030050000000,0.75360000000000,16.66240000000000,0,Composed: Copy with GPU GDI,1.17620000000000,31.67330000000000,16.63510000000000
M1937.exe,18464,0x000000000B7ACE80,D3D9,-1,0,0,2.92696240000000,0.59900000000000,16.66190000000000,0,Composed: Copy with GPU GDI,0.75050000000000,31.68310000000000,16.67170000000000
M1937.exe,18464,0x000000000B7ACE80,D3D9,-1,0,0,2.94363740000000,0.49730000000000,16.67500000000000,0,Composed: Copy with GPU GDI,0.68980000000000,31.69730000000000,16.68920000000000
M1937.exe,18464,0x000000000B7ACE80,D3D9,-1,0,0,2.96039380000000,0.77980000000000,16.75640000000000,0,Composed: Copy with GPU GDI,0.84730000000000,31.57770000000000,16.63680000000000
M1937.exe,18464,0x000000000B7ACE80,D3D9,-1,0,0,2.97708450000000,0.81020000000000,16.69070000000000,0,Composed: Copy with GPU GDI,1.12040000000000,31.58180000000000,16.69480000000000
M1937.exe,18464,0x000000000B7ACE80,D3D9,-1,0,0,2.99370050000000,0.61690000000000,16.61600000000000,0,Composed: Copy with GPU GDI,0.83860000000000,31.60220000000000,16.63640000000000
M1937.exe,18464,0x000000000B7ACE80,D3D9,-1,0,0,3.01036420000000,0.44220000000000,16.66370000000000,0,Composed: Copy with GPU GDI,0.65710000000000,31.60590000000000,16.66740000000000
M1937.exe,18464,0x000000000B7ACE80,D3D9,-1,0,0,3.02703850000000,0.54580000000000,16.67430000000000,0,Composed: Copy with GPU GDI,0.73580000000000,31.59660000000000,16.66500000000000
M1937.exe,18464,0x000000000B7ACE80,D3D9,-1,0,0,3.04364090000000,0.83120000000000,16.60240000000000,0,Composed: Copy with GPU GDI,0.92750000000000,31.67030000000000,16.67610000000000
M1937.exe,18464,0x000000000B7ACE80,D3D9,-1,0,0,3.06025370000000,0.98870000000000,16.61280000000000,0,Composed: Copy with GPU GDI,1.33490000000000,31.70520000000000,16.64770000000000
M1937.exe,18464,0x000000000B7ACE80,D3D9,-1,0,0,3.07709610000000,0.59370000000000,16.84240000000000,0,Composed: Copy with GPU GDI,0.71700000000000,31.53530000000000,16.67250000000000
M1937.exe,18464,0x000000000B7ACE80,D3D9,-1,0,0,3.09379700000000,0.72230000000000,16.70090000000000,0,Composed: Copy with GPU GDI,1.07310000000000,31.50520000000000,16.67080000000000
M1937.exe,18464,0x000000000B7ACE80,D3D9,-1,0,0,3.11010310000000,0.48200000000000,16.30610000000000,0,Composed: Copy with GPU GDI,0.64220000000000,31.86360000000000,16.66450000000000
M1937.exe,18464,0x000000000B7ACE80,D3D9,-1,0,0,3.12703370000000,0.76970000000000,16.93060000000000,0,Composed: Copy with GPU GDI,1.07300000000000,31.59810000000000,16.66510000000000
M1937.exe,18464,0x000000000B7ACE80,D3D9,-1,0,0,3.14362300000000,0.53370000000000,16.58930000000000,0,Composed: Copy with GPU GDI,0.68670000000000,31.70720000000000,16.69840000000000
M1937.exe,18464,0x000000000B7ACE80,D3D9,-1,0,0,3.16017110000000,0.69650000000000,16.54810000000000,0,Composed: Copy with GPU GDI,0.86640000000000,31.78700000000000,16.62790000000000
M1937.exe,18464,0x000000000B7ACE80,D3D9,-1,0,0,3.17684950000000,0.55310000000000,16.67840000000000,0,Composed: Copy with GPU GDI,0.72500000000000,31.78300000000000,16.67440000000000
M1937.exe,18464,0x000000000B7ACE80,D3D9,-1,0,0,3.19350540000000,0.65680000000000,16.65590000000000,0,Composed: Copy with GPU GDI,0.80200000000000,31.78680000000000,16.65970000000000
M1937.exe,18464,0x000000000B7ACE80,D3D9,-1,0,0,3.21010290000000,0.69310000000000,16.59750000000000,0,Composed: Copy with GPU GDI,0.81650000000000,31.86250000000000,16.67320000000000
M1937.exe,18464,0x000000000B7ACE80,D3D9,-1,0,0,3.22663340000000,0.61110000000000,16.53050000000000,0,Composed: Copy with GPU GDI,0.75430000000000,31.99410000000000,16.66210000000000
M1937.exe,18464,0x000000000B7ACE80,D3D9,-1,0,0,3.24349680000000,0.78030000000000,16.86340000000000,0,Composed: Copy with GPU GDI,1.16020000000000,31.79310000000000,16.66240000000000
M1937.exe,18464,0x000000000B7ACE80,D3D9,-1,0,0,3.26038560000000,0.57680000000000,16.88880000000000,0,Composed: Copy with GPU GDI,0.73760000000000,31.57430000000000,16.67000000000000
M1937.exe,18464,0x000000000B7ACE80,D3D9,-1,0,0,3.27672530000000,0.43530000000000,16.33970000000000,0,Composed: Copy with GPU GDI,0.61800000000000,31.89570000000000,16.66110000000000
M1937.exe,18464,0x000000000B7ACE80,D3D9,-1,0,0,3.29341800000000,0.71910000000000,16.69270000000000,0,Composed: Copy with GPU GDI,0.82170000000000,31.87190000000000,16.66890000000000
M1937.exe,18464,0x000000000B7ACE80,D3D9,-1,0,0,3.31036380000000,0.80690000000000,16.94580000000000,0,Composed: Copy with GPU GDI,1.15030000000000,31.60030000000000,16.67420000000000
M1937.exe,18464,0x000000000B7ACE80,D3D9,-1,0,0,3.32704780000000,0.61860000000000,16.68400000000000,0,Composed: Copy with GPU GDI,0.73500000000000,31.57150000000000,16.65520000000000
M1937.exe,18464,0x000000000B7ACE80,D3D9,-1,0,0,3.34357000000000,0.49530000000000,16.52220000000000,0,Composed: Copy with GPU GDI,0.60680000000000,31.74590000000000,16.69660000000000
M1937.exe,18464,0x000000000B7ACE80,D3D9,-1,0,0,3.36025130000000,0.77950000000000,16.68130000000000,0,Composed: Copy with GPU GDI,1.13910000000000,31.69360000000000,16.62900000000000
M1937.exe,18464,0x000000000B7ACE80,D3D9,-1,0,0,3.37688320000000,0.78220000000000,16.63190000000000,0,Composed: Copy with GPU GDI,0.90140000000000,31.73370000000000,16.67200000000000
M1937.exe,18464,0x000000000B7ACE80,D3D9,-1,0,0,3.39366940000000,0.86250000000000,16.78620000000000,0,Composed: Copy with GPU GDI,1.20930000000000,31.61140000000000,16.66390000000000
M1937.exe,18464,0x000000000B7ACE80,D3D9,-1,0,0,3.41001640000000,0.49860000000000,16.34700000000000,0,Composed: Copy with GPU GDI,0.67250000000000,31.93430000000000,16.66990000000000
M1937.exe,18464,0x000000000B7ACE80,D3D9,-1,0,0,3.42707000000000,0.48810000000000,17.05360000000000,0,Composed: Copy with GPU GDI,0.65810000000000,31.54890000000000,16.66820000000000
M1937.exe,18464,0x000000000B7ACE80,D3D9,-1,0,0,3.44367430000000,0.85780000000000,16.60430000000000,0,Composed: Copy with GPU GDI,0.89880000000000,31.59480000000000,16.65020000000000
M1937.exe,18464,0x000000000B7ACE80,D3D9,-1,0,0,3.46019730000000,0.57230000000000,16.52300000000000,0,Composed: Copy with GPU GDI,0.74420000000000,31.83940000000000,16.76760000000000
M1937.exe,18464,0x000000000B7ACE80,D3D9,-1,0,0,3.47685410000000,0.44560000000000,16.65680000000000,0,Composed: Copy with GPU GDI,0.60500000000000,31.80790000000000,16.62530000000000
M1937.exe,18464,0x000000000B7ACE80,D3D9,-1,0,0,3.49363580000000,0.58560000000000,16.78170000000000,0,Composed: Copy with GPU GDI,0.76240000000000,31.77190000000000,16.74570000000000
M1937.exe,18464,0x000000000B7ACE80,D3D9,-1,0,0,3.51053080000000,0.59660000000000,16.89500000000000,0,Composed: Copy with GPU GDI,0.73500000000000,31.54350000000000,16.66660000000000
M1937.exe,18464,0x000000000B7ACE80,D3D9,-1,0,0,3.52719490000000,0.48410000000000,16.66410000000000,0,Composed: Copy with GPU GDI,0.64520000000000,31.49360000000000,16.61420000000000
M1937.exe,18464,0x000000000B7ACE80,D3D9,-1,0,0,3.54399330000000,0.49960000000000,16.79840000000000,0,Composed: Copy with GPU GDI,0.65640000000000,31.32940000000000,16.63420000000000
M1937.exe,18464,0x000000000B7ACE80,D3D9,-1,0,0,3.56052520000000,0.47260000000000,16.53190000000000,0,Composed: Copy with GPU GDI,0.60860000000000,31.49240000000000,16.69490000000000
M1937.exe,18464,0x000000000B7ACE80,D3D9,-1,0,0,3.57694970000000,0.75100000000000,16.42450000000000,0,Composed: Copy with GPU GDI,0.95590000000000,31.86000000000000,16.79210000000000
M1937.exe,18464,0x000000000B7ACE80,D3D9,-1,0,0,3.59396180000000,0.81070000000000,17.01210000000000,0,Composed: Copy with GPU GDI,0.93350000000000,31.40320000000000,16.55530000000000
M1937.exe,18464,0x000000000B7ACE80,D3D9,-1,0,0,3.61056890000000,0.60580000000000,16.60710000000000,0,Composed: Copy with GPU GDI,0.79090000000000,31.60460000000000,16.80850000000000
M1937.exe,18464,0x000000000B7ACE80,D3D9,-1,0,0,3.62682280000000,0.51260000000000,16.25390000000000,0,Composed: Copy with GPU GDI,0.66740000000000,32.03990000000000,16.68920000000000
M1937.exe,18464,0x000000000B7ACE80,D3D9,-1,0,0,3.64423500000000,0.57610000000000,17.41220000000000,0,Composed: Copy with GPU GDI,0.74030000000000,31.19570000000000,16.56800000000000
M1937.exe,18464,0x000000000B7ACE80,D3D9,-1,0,0,3.66060590000000,0.48750000000000,16.37090000000000,0,Composed: Copy with GPU GDI,0.64220000000000,31.59490000000000,16.77010000000000
M1937.exe,18464,0x000000000B7ACE80,D3D9,-1,0,0,3.67798300000000,0.78440000000000,17.37710000000000,0,Composed: Copy with GPU GDI,0.77450000000000,30.86860000000000,16.65080000000000
M1937.exe,18464,0x000000000B7ACE80,D3D9,-1,0,0,3.69493220000000,0.68090000000000,16.94920000000000,0,Composed: Copy with GPU GDI,0.77970000000000,30.58660000000000,16.66720000000000
M1937.exe,18464,0x000000000B7ACE80,D3D9,-1,0,0,3.71121670000000,0.74730000000000,16.28450000000000,0,Composed: Copy with GPU GDI,0.82530000000000,30.97800000000000,16.67590000000000
M1937.exe,18464,0x000000000B7ACE80,D3D9,-1,0,0,3.72792310000000,0.80550000000000,16.70640000000000,0,Composed: Copy with GPU GDI,0.79000000000000,30.75110000000000,16.47950000000000
M1937.exe,18464,0x000000000B7ACE80,D3D9,-1,0,0,3.74479950000000,0.86320000000000,16.87640000000000,0,Composed: Copy with GPU GDI,1.40230000000000,30.53170000000000,16.65700000000000
M1937.exe,18464,0x000000000B7ACE80,D3D9,-1,0,0,3.76073330000000,0.82780000000000,15.93380000000000,0,Composed: Copy with GPU GDI,0.81110000000000,31.24140000000000,16.64350000000000
M1937.exe,18464,0x000000000B7ACE80,D3D9,-1,0,0,3.77750240000000,0.73130000000000,16.76910000000000,0,Composed: Copy with GPU GDI,0.75970000000000,31.16400000000000,16.69170000000000
M1937.exe,18464,0x000000000B7ACE80,D3D9,-1,0,0,3.79436490000000,0.95510000000000,16.86250000000000,0,Composed: Copy with GPU GDI,0.90940000000000,30.93280000000000,16.63130000000000
M1937.exe,18464,0x000000000B7ACE80,D3D9,-1,0,0,3.81065770000000,1.07390000000000,16.29280000000000,0,Composed: Copy with GPU GDI,0.99090000000000,31.30290000000000,16.66290000000000
M1937.exe,18464,0x000000000B7ACE80,D3D9,-1,0,0,3.82801060000000,0.89220000000000,17.35290000000000,0,Composed: Copy with GPU GDI,0.87840000000000,30.61430000000000,16.66430000000000
M1937.exe,18464,0x000000000B7ACE80,D3D9,-1,0,0,3.84414940000000,0.85360000000000,16.13880000000000,0,Composed: Copy with GPU GDI,0.83320000000000,31.14650000000000,16.67100000000000
M1937.exe,18464,0x000000000B7ACE80,D3D9,-1,0,0,3.86023150000000,0.78310000000000,16.08210000000000,0,Composed: Copy with GPU GDI,0.89440000000000,31.71770000000000,16.65330000000000
M1937.exe,18464,0x000000000B7ACE80,D3D9,-1,0,0,3.87696060000000,0.78520000000000,16.72910000000000,0,Composed: Copy with GPU GDI,0.88110000000000,31.63760000000000,16.64900000000000
M1937.exe,18464,0x000000000B7ACE80,D3D9,-1,0,0,3.89355310000000,0.78900000000000,16.59250000000000,0,Composed: Copy with GPU GDI,0.88890000000000,31.70720000000000,16.66210000000000
M1937.exe,18464,0x000000000B7ACE80,D3D9,-1,0,0,3.91036310000000,0.59930000000000,16.81000000000000,0,Composed: Copy with GPU GDI,0.81180000000000,31.59010000000000,16.69290000000000
M1937.exe,18464,0x000000000B7ACE80,D3D9,-1,0,0,3.92700690000000,0.84420000000000,16.64380000000000,0,Composed: Copy with GPU GDI,0.88700000000000,31.61190000000000,16.66560000000000
M1937.exe,18464,0x000000000B7ACE80,D3D9,-1,0,0,3.94349330000000,0.51450000000000,16.48640000000000,0,Composed: Copy with GPU GDI,0.68660000000000,31.80060000000000,16.67510000000000
M1937.exe,18464,0x000000000B7ACE80,D3D9,-1,0,0,3.96042390000000,0.74470000000000,16.93060000000000,0,Composed: Copy with GPU GDI,0.86220000000000,31.54580000000000,16.67580000000000
M1937.exe,18464,0x000000000B7ACE80,D3D9,-1,0,0,3.97702370000000,0.80100000000000,16.59980000000000,0,Composed: Copy with GPU GDI,1.22810000000000,31.59590000000000,16.64990000000000
M1937.exe,18464,0x000000000B7ACE80,D3D9,-1,0,0,3.99368460000000,0.49960000000000,16.66090000000000,0,Composed: Copy with GPU GDI,0.72360000000000,31.56690000000000,16.63190000000000
M1937.exe,18464,0x000000000B7ACE80,D3D9,-1,0,0,4.01023560000000,0.66200000000000,16.55100000000000,0,Composed: Copy with GPU GDI,0.78180000000000,31.74840000000000,16.73250000000000
M1937.exe,18464,0x000000000B7ACE80,D3D9,-1,0,0,4.02711100000000,0.62120000000000,16.87540000000000,0,Composed: Copy with GPU GDI,0.80400000000000,31.52950000000000,16.65650000000000
M1937.exe,18464,0x000000000B7ACE80,D3D9,-1,0,0,4.04381760000000,0.36160000000000,16.70660000000000,0,Composed: Copy with GPU GDI,0.58810000000000,31.56380000000000,16.74090000000000
M1937.exe,18464,0x000000000B7ACE80,D3D9,-1,0,0,4.06057930000000,0.86730000000000,16.76170000000000,0,Composed: Copy with GPU GDI,1.26590000000000,31.38150000000000,16.57940000000000
M1937.exe,18464,0x000000000B7ACE80,D3D9,-1,0,0,4.07736430000000,0.72280000000000,16.78500000000000,0,Composed: Copy with GPU GDI,0.90760000000000,31.34650000000000,16.75000000000000
M1937.exe,18464,0x000000000B7ACE80,D3D9,-1,0,0,4.09390260000000,0.64240000000000,16.53830000000000,0,Composed: Copy with GPU GDI,0.99110000000000,31.51680000000000,16.70860000000000
M1937.exe,18464,0x000000000B7ACE80,D3D9,-1,0,0,4.11048570000000,0.55490000000000,16.58310000000000,0,Composed: Copy with GPU GDI,0.78920000000000,31.70190000000000,16.76820000000000
M1937.exe,18464,0x000000000B7ACE80,D3D9,-1,0,0,4.12737720000000,0.54340000000000,16.89150000000000,0,Composed: Copy with GPU GDI,0.66260000000000,31.45820000000000,16.64780000000000
M1937.exe,18464,0x000000000B7ACE80,D3D9,-1,0,0,4.14392840000000,0.48900000000000,16.55120000000000,0,Composed: Copy with GPU GDI,0.72560000000000,31.57610000000000,16.66910000000000
M1937.exe,18464,0x000000000B7ACE80,D3D9,-1,0,0,4.16084380000000,0.92690000000000,16.91540000000000,0,Composed: Copy with GPU GDI,1.01460000000000,31.37320000000000,16.71250000000000
M1937.exe,18464,0x000000000B7ACE80,D3D9,-1,0,0,4.17724830000000,0.49180000000000,16.40450000000000,0,Composed: Copy with GPU GDI,0.70500000000000,31.58450000000000,16.61580000000000
M1937.exe,18464,0x000000000B7ACE80,D3D9,-1,0,0,4.19396180000000,0.49120000000000,16.71350000000000,0,Composed: Copy with GPU GDI,0.69180000000000,31.50400000000000,16.63300000000000
M1937.exe,18464,0x000000000B7ACE80,D3D9,-1,0,0,4.21053050000000,0.46070000000000,16.56870000000000,0,Composed: Copy with GPU GDI,0.66710000000000,31.64210000000000,16.70680000000000
M1937.exe,18464,0x000000000B7ACE80,D3D9,-1,0,0,4.22738300000000,0.80950000000000,16.85250000000000,0,Composed: Copy with GPU GDI,0.94070000000000,31.35210000000000,16.56250000000000
M1937.exe,18464,0x000000000B7ACE80,D3D9,-1,0,0,4.24430460000000,0.85360000000000,16.92160000000000,0,Composed: Copy with GPU GDI,0.80670000000000,31.20280000000000,16.77230000000000
M1937.exe,18464,0x000000000B7ACE80,D3D9,-1,0,0,4.26160510000000,0.86820000000000,17.30050000000000,0,Composed: Copy with GPU GDI,1.37910000000000,30.47560000000000,16.57330000000000
M1937.exe,18464,0x000000000B7ACE80,D3D9,-1,0,0,4.27788130000000,0.82470000000000,16.27620000000000,0,Composed: Copy with GPU GDI,0.80270000000000,30.73370000000000,16.53430000000000
M1937.exe,18464,0x000000000B7ACE80,D3D9,-1,0,0,4.29470240000000,0.83620000000000,16.82110000000000,0,Composed: Copy with GPU GDI,0.80660000000000,30.72180000000000,16.80920000000000
M1937.exe,18464,0x000000000B7ACE80,D3D9,-1,0,0,4.31131850000000,0.90790000000000,16.61610000000000,0,Composed: Copy with GPU GDI,1.50890000000000,30.81990000000000,16.71420000000000
M1937.exe,18464,0x000000000B7ACE80,D3D9,-1,0,0,4.32795870000000,0.82700000000000,16.64020000000000,0,Composed: Copy with GPU GDI,0.79610000000000,30.67960000000000,16.49990000000000
M1937.exe,18464,0x000000000B7ACE80,D3D9,-1,0,0,4.34453720000000,0.92300000000000,16.57850000000000,0,Composed: Copy with GPU GDI,0.86070000000000,30.76110000000000,16.66000000000000
M1937.exe,18464,0x000000000B7ACE80,D3D9,-1,0,0,4.36092290000000,0.96450000000000,16.38570000000000,0,Composed: Copy with GPU GDI,0.88960000000000,31.21190000000000,16.83650000000000
M1937.exe,18464,0x000000000B7ACE80,D3D9,-1,0,0,4.37784320000000,1.28380000000000,16.92030000000000,0,Composed: Copy with GPU GDI,1.64020000000000,30.80030000000000,16.50870000000000
M1937.exe,18464,0x000000000B7ACE80,D3D9,-1,0,0,4.39481370000000,0.86950000000000,16.97050000000000,0,Composed: Copy with GPU GDI,0.81790000000000,30.67130000000000,16.84150000000000
M1937.exe,18464,0x000000000B7ACE80,D3D9,-1,0,0,4.41114120000000,0.81910000000000,16.32750000000000,0,Composed: Copy with GPU GDI,0.79670000000000,31.02100000000000,16.67720000000000
M1937.exe,18464,0x000000000B7ACE80,D3D9,-1,0,0,4.42825710000000,0.88820000000000,17.11590000000000,0,Composed: Copy with GPU GDI,0.85450000000000,30.55980000000000,16.65470000000000
M1937.exe,18464,0x000000000B7ACE80,D3D9,-1,0,0,4.44463210000000,0.89670000000000,16.37500000000000,0,Composed: Copy with GPU GDI,0.86880000000000,30.75840000000000,16.57360000000000
M1937.exe,18464,0x000000000B7ACE80,D3D9,-1,0,0,4.46135130000000,0.84680000000000,16.71920000000000,0,Composed: Copy with GPU GDI,0.80140000000000,30.71500000000000,16.67580000000000
M1937.exe,18464,0x000000000B7ACE80,D3D9,-1,0,0,4.47793420000000,0.79620000000000,16.58290000000000,0,Composed: Copy with GPU GDI,1.42770000000000,30.71170000000000,16.57960000000000
M1937.exe,18464,0x000000000B7ACE80,D3D9,-1,0,0,4.49483760000000,1.05170000000000,16.90340000000000,0,Composed: Copy with GPU GDI,0.98450000000000,30.56800000000000,16.75970000000000
M1937.exe,18464,0x000000000B7ACE80,D3D9,-1,0,0,4.51113390000000,0.85250000000000,16.29630000000000,0,Composed: Copy with GPU GDI,0.83760000000000,31.01560000000000,16.74390000000000
M1937.exe,18464,0x000000000B7ACE80,D3D9,-1,0,0,4.52797530000000,0.94920000000000,16.84140000000000,0,Composed: Copy with GPU GDI,0.97290000000000,30.83940000000000,16.66520000000000
M1937.exe,18464,0x000000000B7ACE80,D3D9,-1,0,0,4.54459260000000,0.79710000000000,16.61730000000000,0,Composed: Copy with GPU GDI,0.76080000000000,30.73990000000000,16.51780000000000
M1937.exe,18464,0x000000000B7ACE80,D3D9,-1,0,0,4.56114920000000,0.80070000000000,16.55660000000000,0,Composed: Copy with GPU GDI,0.78430000000000,30.86230000000000,16.67900000000000
M1937.exe,18464,0x000000000B7ACE80,D3D9,-1,0,0,4.57923310000000,1.34740000000000,18.08390000000000,0,Composed: Copy with GPU GDI,1.16630000000000,29.45920000000000,16.68080000000000
M1937.exe,18464,0x000000000B7ACE80,D3D9,-1,0,0,4.59593250000000,1.23950000000000,16.69940000000000,0,Composed: Copy with GPU GDI,1.26380000000000,29.38690000000000,16.62710000000000
M1937.exe,18464,0x000000000B7ACE80,D3D9,-1,0,0,4.72958560000000,0.76990000000000,133.65309999999999,0,Composed: Copy with GPU GDI,0.90430000000000,28.98000000000000,133.24620000000002
M1937.exe,18464,0x000000000B7ACE80,D3D9,-1,0,0,4.82993860000000,0.61550000000000,100.35299999999999,0,Composed: Copy with GPU GDI,0.71380000000000,28.60900000000000,99.98200000000000
M1937.exe,18464,0x000000000B7ACE80,D3D9,-1,0,0,4.93076170000000,0.65560000000000,100.82310000000000,0,Composed: Copy with GPU GDI,0.78980000000000,27.76680000000000,99.98089999999999
M1937.exe,18464,0x000000000B7ACE80,D3D9,-1,0,0,5.03154130000000,0.63010000000000,100.77960000000000,0,Composed: Copy with GPU GDI,0.73430000000000,26.99030000000000,100.00310000000000
M1937.exe,18464,0x000000000B7ACE80,D3D9,-1,0,0,5.13219530000000,0.58180000000000,100.65400000000000,0,Composed: Copy with GPU GDI,0.71130000000000,26.35090000000000,100.01460000000000
M1937.exe,18464,0x000000000B7ACE80,D3D9,-1,0,0,5.23281060000000,0.45360000000000,100.61530000000000,0,Composed: Copy with GPU GDI,0.64800000000000,25.70900000000000,99.97340000000000
M1937.exe,18464,0x000000000B7ACE80,D3D9,-1,0,0,5.33320940000000,0.39420000000000,100.39879999999999,0,Composed: Copy with GPU GDI,0.61580000000000,25.35680000000000,100.04660000000000
M1937.exe,18464,0x000000000B7ACE80,D3D9,-1,0,0,5.43398400000000,0.54240000000000,100.77460000000001,0,Composed: Copy with GPU GDI,0.72570000000000,24.75750000000000,100.17529999999999
M1937.exe,18464,0x000000000B7ACE80,D3D9,-1,0,0,5.53506700000000,0.96360000000000,101.08300000000001,0,Composed: Copy with GPU GDI,0.88870000000000,23.51960000000000,99.84510000000000
M1937.exe,18464,0x000000000B7ACE80,D3D9,-1,0,0,5.63551620000000,0.64480000000000,100.44920000000000,0,Composed: Copy with GPU GDI,1.48430000000000,23.02270000000000,99.95229999999999
M1937.exe,18464,0x000000000B7ACE80,D3D9,-1,0,0,5.73607690000000,0.45360000000000,100.56070000000000,0,Composed: Copy with GPU GDI,1.41030000000000,22.42810000000000,99.96610000000000
M1937.exe,18464,0x000000000B7ACE80,D3D9,-1,0,0,5.83715500000000,0.73980000000000,101.07810000000001,0,Composed: Copy with GPU GDI,1.56150000000000,21.35770000000000,100.00770000000000
M1937.exe,18464,0x000000000B7ACE80,D3D9,-1,0,0,5.93837770000000,0.49830000000000,101.22270000000000,0,Composed: Copy with GPU GDI,1.39380000000000,20.12370000000000,99.98869999999999
M1937.exe,18464,0x000000000B7ACE80,D3D9,-1,0,0,6.03964550000000,0.46980000000000,101.26780000000001,0,Composed: Copy with GPU GDI,1.40560000000000,18.84200000000000,99.98609999999999
M1937.exe,18464,0x000000000B7ACE80,D3D9,-1,0,0,6.14004900000000,0.36500000000000,100.40350000000001,0,Composed: Copy with GPU GDI,1.32850000000000,18.51220000000000,100.07370000000000
M1937.exe,18464,0x000000000B7ACE80,D3D9,-1,0,0,6.24145740000000,1.32330000000000,101.40840000000000,0,Composed: Copy with GPU GDI,1.74350000000000,33.84430000000000,116.74050000000000
M1937.exe,18464,0x000000000B7ACE80,D3D9,-1,0,0,6.34262190000000,1.41940000000000,101.16450000000000,0,Composed: Copy with GPU GDI,3.13780000000000,32.58380000000000,99.90400000000001
M1937.exe,18464,0x000000000B7ACE80,D3D9,-1,0,0,6.44384160000000,0.82400000000000,101.21969999999999,0,Composed: Copy with GPU GDI,1.66100000000000,31.36580000000000,100.00170000000000
M1937.exe,18464,0x000000000B7ACE80,D3D9,-1,0,0,6.54751530000000,0.56330000000000,103.67370000000000,0,Composed: Copy with GPU GDI,1.45190000000000,27.62970000000000,99.93760000000000
M1937.exe,18464,0x000000000B7ACE80,D3D9,-1,0,0,6.64963300000000,0.54170000000000,102.11770000000000,0,Composed: Copy with GPU GDI,1.41040000000000,25.52250000000000,100.01050000000001
M1937.exe,18464,0x000000000B7ACE80,D3D9,-1,0,0,6.75076130000000,0.47040000000000,101.12830000000001,0,Composed: Copy with GPU GDI,1.34450000000000,24.36090000000000,99.96670000000000
M1937.exe,18464,0x000000000B7ACE80,D3D9,-1,0,0,6.85192900000000,0.60510000000000,101.16770000000000,0,Composed: Copy with GPU GDI,1.52940000000000,23.21620000000000,100.02300000000000
M1937.exe,18464,0x000000000B7ACE80,D3D9,-1,0,0,6.95270210000000,0.49270000000000,100.77310000000000,0,Composed: Copy with GPU GDI,1.43520000000000,22.43450000000000,99.99140000000000
M1937.exe,18464,0x000000000B7ACE80,D3D9,-1,0,0,7.05334400000000,0.43080000000000,100.64190000000001,0,Composed: Copy with GPU GDI,1.29610000000000,21.76450000000000,99.97190000000001
M1937.exe,18464,0x000000000B7ACE80,D3D9,-1,0,0,7.15395620000000,0.68760000000000,100.61220000000000,0,Composed: Copy with GPU GDI,1.44780000000000,21.15650000000000,100.00420000000000
M1937.exe,18464,0x000000000B7ACE80,D3D9,-1,0,0,7.25503860000000,0.61020000000000,101.08240000000001,0,Composed: Copy with GPU GDI,1.53190000000000,20.05760000000000,99.98350000000001
M1937.exe,18464,0x000000000B7ACE80,D3D9,-1,0,0,7.35631720000000,0.44480000000000,101.27860000000000,0,Composed: Copy with GPU GDI,1.41380000000000,18.80300000000000,100.02400000000000
M1937.exe,18464,0x000000000B7ACE80,D3D9,-1,0,0,7.45692210000000,0.54820000000000,100.60490000000000,0,Composed: Copy with GPU GDI,1.52820000000000,18.20080000000000,100.00270000000000
M1937.exe,18464,0x000000000B7ACE80,D3D9,-1,0,0,7.55793910000000,1.42010000000000,101.01700000000000,0,Composed: Copy with GPU GDI,1.79120000000000,33.94380000000000,116.76000000000001
M1937.exe,18464,0x000000000B7ACE80,D3D9,-1,0,0,7.65915500000000,1.44710000000000,101.21589999999999,0,Composed: Copy with GPU GDI,2.92090000000000,32.65620000000001,99.92829999999999
M1937.exe,18464,0x000000000B7ACE80,D3D9,-1,0,0,7.76018140000000,0.48370000000000,101.02640000000000,0,Composed: Copy with GPU GDI,1.46820000000000,31.59360000000000,99.96380000000001
M1937.exe,18464,0x000000000B7ACE80,D3D9,-1,0,0,7.86136850000000,0.60520000000000,101.18710000000000,0,Composed: Copy with GPU GDI,1.43670000000000,30.38780000000000,99.98129999999999
M1937.exe,18464,0x000000000B7ACE80,D3D9,-1,0,0,7.96230240000000,0.52900000000000,100.93389999999999,0,Composed: Copy with GPU GDI,1.51380000000000,29.66540000000000,100.21150000000000
M1937.exe,18464,0x000000000B7ACE80,D3D9,-1,0,0,8.06328370000000,0.49410000000000,100.98129999999999,0,Composed: Copy with GPU GDI,1.44580000000000,28.44140000000000,99.75729999999999
M1937.exe,18464,0x000000000B7ACE80,D3D9,-1,0,0,8.16446380000000,0.48180000000000,101.18010000000000,0,Composed: Copy with GPU GDI,1.39050000000000,27.25710000000000,99.99580000000000
M1937.exe,18464,0x000000000B7ACE80,D3D9,-1,0,0,8.26558320000000,0.68040000000000,101.11940000000000,0,Composed: Copy with GPU GDI,2.31810000000000,26.17340000000000,100.03570000000001
M1937.exe,18464,0x000000000B7ACE80,D3D9,-1,0,0,8.36723280000000,1.19490000000000,101.64960000000001,0,Composed: Copy with GPU GDI,2.46790000000000,24.49240000000000,99.96860000000001
M1937.exe,18464,0x000000000B7ACE80,D3D9,-1,0,0,8.46809650000000,0.49110000000000,100.86369999999999,0,Composed: Copy with GPU GDI,2.32350000000000,23.61290000000000,99.98420000000000
M1937.exe,18464,0x000000000B7ACE80,D3D9,-1,0,0,8.57056210000000,0.45800000000000,102.46560000000001,0,Composed: Copy with GPU GDI,2.27480000000000,21.16640000000000,100.01909999999999
M1937.exe,18464,0x000000000B7ACE80,D3D9,-1,0,0,8.67329030000000,0.40480000000000,102.72820000000000,0,Composed: Copy with GPU GDI,2.13050000000000,35.20210000000000,116.76390000000001
M1937.exe,18464,0x000000000B7ACE80,D3D9,-1,0,0,8.77424370000000,0.94270000000000,100.95340000000000,0,Composed: Copy with GPU GDI,2.64650000000000,34.18130000000000,99.93259999999999
M1937.exe,18464,0x000000000B7ACE80,D3D9,-1,0,0,8.87521570000000,1.12280000000000,100.97200000000001,0,Composed: Copy with GPU GDI,3.68510000000000,33.29070000000000,100.08140000000000
M1937.exe,18464,0x000000000B7ACE80,D3D9,-1,0,0,8.97693750000000,0.78080000000000,101.72180000000000,0,Composed: Copy with GPU GDI,2.44150000000000,31.43600000000000,99.86709999999999
M1937.exe,18464,0x000000000B7ACE80,D3D9,-1,0,0,9.07745930000000,0.43550000000000,100.52180000000000,0,Composed: Copy with GPU GDI,2.37220000000000,30.90970000000000,99.99550000000001
M1937.exe,18464,0x000000000B7ACE80,D3D9,-1,0,0,9.17821600000000,0.46210000000000,100.75670000000001,0,Composed: Copy with GPU GDI,2.66640000000000,30.35690000000000,100.20390000000000
M1937.exe,18464,0x000000000B7ACE80,D3D9,-1,0,0,9.28003120000000,0.74010000000000,101.81519999999999,0,Composed: Copy with GPU GDI,2.64680000000000,28.54000000000000,99.99830000000000
M1937.exe,18464,0x000000000B7ACE80,D3D9,-1,0,0,9.38177170000000,1.15860000000000,101.74050000000000,0,Composed: Copy with GPU GDI,2.92210000000000,26.82930000000000,100.02980000000001
M1937.exe,18464,0x000000000B7ACE80,D3D9,-1,0,0,9.48320460000000,1.14310000000000,101.43290000000000,0,Composed: Copy with GPU GDI,2.82730000000000,25.17800000000000,99.78160000000000
M1937.exe,18464,0x000000000B7ACE80,D3D9,-1,0,0,9.58418680000000,0.51500000000000,100.98219999999999,0,Composed: Copy with GPU GDI,2.43800000000000,24.17400000000000,99.97820000000000
M1937.exe,18464,0x000000000B7ACE80,D3D9,-1,0,0,9.68474300000000,0.48410000000000,100.55620000000000,0,Composed: Copy with GPU GDI,2.31560000000000,23.57110000000000,99.95330000000000
M1937.exe,18464,0x000000000B7ACE80,D3D9,-1,0,0,9.78563650000000,0.79310000000000,100.89350000000000,0,Composed: Copy with GPU GDI,2.58400000000000,22.67380000000000,99.99619999999999
M1937.exe,18464,0x000000000B7ACE80,D3D9,-1,0,0,9.88600710000000,0.63030000000000,100.37060000000001,0,Composed: Copy with GPU GDI,2.32440000000000,22.32020000000000,100.01700000000000
M1937.exe,18464,0x000000000B7ACE80,D3D9,-1,0,0,9.98712920000000,0.60050000000000,101.12210000000000,0,Composed: Copy with GPU GDI,2.29900000000000,21.16890000000000,99.97080000000000
M1937.exe,18464,0x000000000B7ACE80,D3D9,-1,0,0,10.08831480000000,0.47940000000000,101.18559999999999,0,Composed: Copy with GPU GDI,2.26430000000000,19.96990000000000,99.98660000000000
M1937.exe,18464,0x000000000B7ACE80,D3D9,-1,0,0,10.18951160000000,0.39870000000000,101.19680000000001,0,Composed: Copy with GPU GDI,2.21800000000000,18.81960000000000,100.04649999999999
M1937.exe,18464,0x000000000B7ACE80,D3D9,-1,0,0,10.29045090000000,0.76600000000000,100.93929999999999,0,Composed: Copy with GPU GDI,2.65420000000000,34.68000000000000,116.79970000000000
M1937.exe,18464,0x000000000B7ACE80,D3D9,-1,0,0,10.39187840000000,1.39200000000000,101.42750000000001,0,Composed: Copy with GPU GDI,4.44990000000000,33.29140000000000,100.03890000000000
M1937.exe,18464,0x000000000B7ACE80,D3D9,-1,0,0,10.51260130000000,0.74040000000000,120.72290000000000,0,Composed: Copy with GPU GDI,2.46120000000000,29.02540000000000,116.45690000000000
M1937.exe,18464,0x000000000B7ACE80,D3D9,-1,0,0,10.61566240000000,0.48410000000000,103.06110000000000,0,Composed: Copy with GPU GDI,2.34270000000000,25.94830000000000,99.98400000000001
M1937.exe,18464,0x000000000B7ACE80,D3D9,-1,0,0,10.71676840000000,0.52430000000000,101.10599999999999,0,Composed: Copy with GPU GDI,2.55620000000000,24.86780000000000,100.02550000000001
M1937.exe,18464,0x000000000B7ACE80,D3D9,-1,0,0,10.81746120000000,0.74590000000000,100.69280000000001,0,Composed: Copy with GPU GDI,2.73430000000000,24.34560000000000,100.17059999999999
M1937.exe,18464,0x000000000B7ACE80,D3D9,-1,0,0,10.91854600000000,0.71910000000000,101.08480000000000,0,Composed: Copy with GPU GDI,2.37710000000000,23.26500000000000,100.00420000000000
M1937.exe,18464,0x000000000B7ACE80,D3D9,-1,0,0,11.01911560000000,0.57590000000000,100.56959999999999,0,Composed: Copy with GPU GDI,2.53310000000000,22.67890000000000,99.98350000000001
M1937.exe,18464,0x000000000B7ACE80,D3D9,-1,0,0,11.12067140000000,1.60610000000000,101.55580000000000,0,Composed: Copy with GPU GDI,2.64190000000000,21.01170000000000,99.88860000000000
M1937.exe,18464,0x000000000B7ACE80,D3D9,-1,0,0,11.22154540000000,0.99910000000000,100.87400000000001,0,Composed: Copy with GPU GDI,2.67180000000000,20.30920000000000,100.17149999999999
M1937.exe,18464,0x000000000B7ACE80,D3D9,-1,0,0,11.32200050000000,0.65800000000000,100.45510000000000,0,Composed: Copy with GPU GDI,2.40070000000000,19.61020000000000,99.75610000000000
M1937.exe,18464,0x000000000B7ACE80,D3D9,-1,0,0,11.42253140000000,0.53900000000000,100.53090000000000,0,Composed: Copy with GPU GDI,2.36740000000000,19.02760000000000,99.94830000000000
M1937.exe,18464,0x000000000B7ACE80,D3D9,-1,0,0,11.52388970000000,0.64620000000000,101.35830000000000,0,Composed: Copy with GPU GDI,2.50110000000000,34.34930000000000,116.68000000000001
M1937.exe,18464,0x000000000B7ACE80,D3D9,-1,0,0,11.62481040000000,0.82770000000000,100.92070000000000,0,Composed: Copy with GPU GDI,3.42710000000000,33.40380000000000,99.97520000000000
M1937.exe,18464,0x000000000B7ACE80,D3D9,-1,0,0,11.72585070000000,0.94070000000000,101.04030000000000,0,Composed: Copy with GPU GDI,2.57690000000000,32.35620000000000,99.99270000000000
M1937.exe,18464,0x000000000B7ACE80,D3D9,-1,0,0,11.82665790000000,0.84280000000000,100.80719999999999,0,Composed: Copy with GPU GDI,2.38450000000000,31.54530000000000,99.99629999999999
M1937.exe,18464,0x000000000B7ACE80,D3D9,-1,0,0,11.92770750000000,0.53520000000000,101.04960000000000,0,Composed: Copy with GPU GDI,2.33090000000000,30.55480000000000,100.05910000000000
M1937.exe,18464,0x000000000B7ACE80,D3D9,-1,0,0,12.02843310000000,0.42130000000000,100.72560000000000,0,Composed: Copy with GPU GDI,2.20000000000000,29.80560000000000,99.97640000000001
M1937.exe,18464,0x000000000B7ACE80,D3D9,-1,0,0,12.12976750000000,0.70700000000000,101.33440000000000,0,Composed: Copy with GPU GDI,2.60650000000000,28.65650000000000,100.18530000000000
M1937.exe,18464,0x000000000B7ACE80,D3D9,-1,0,0,12.23145510000000,1.17090000000000,101.68760000000000,0,Composed: Copy with GPU GDI,2.75690000000000,26.98120000000000,100.01230000000000
M1937.exe,18464,0x000000000B7ACE80,D3D9,-1,0,0,12.33272400000000,0.83720000000000,101.26890000000000,0,Composed: Copy with GPU GDI,2.58060000000000,25.46700000000000,99.75470000000000
M1937.exe,18464,0x000000000B7ACE80,D3D9,-1,0,0,12.43328430000000,0.61390000000000,100.56030000000001,0,Composed: Copy with GPU GDI,2.33530000000000,24.90130000000000,99.99460000000001
M1937.exe,18464,0x000000000B7ACE80,D3D9,-1,0,0,12.53676520000000,0.69930000000000,103.48090000000001,0,Composed: Copy with GPU GDI,2.47130000000000,21.40190000000000,99.98150000000000
M1937.exe,18464,0x000000000B7ACE80,D3D9,-1,0,0,12.63844250000000,0.62090000000000,101.67730000000000,0,Composed: Copy with GPU GDI,2.31880000000000,19.72160000000000,99.99700000000000
M1937.exe,18464,0x000000000B7ACE80,D3D9,-1,0,0,12.73888150000000,0.42650000000000,100.43900000000001,0,Composed: Copy with GPU GDI,2.23360000000000,19.27330000000000,99.99070000000000
M1937.exe,18464,0x000000000B7ACE80,D3D9,-1,0,0,12.83939170000000,0.44270000000000,100.51020000000000,0,Composed: Copy with GPU GDI,2.23210000000000,18.74240000000000,99.97929999999999
M1937.exe,18464,0x000000000B7ACE80,D3D9,-1,0,0,12.94105700000000,0.89730000000000,101.66530000000000,0,Composed: Copy with GPU GDI,3.70670000000000,34.00690000000000,116.92980000000000
M1937.exe,18464,0x000000000B7ACE80,D3D9,-1,0,0,13.04221680000000,1.55540000000000,101.15979999999999,0,Composed: Copy with GPU GDI,3.90820000000000,32.91310000000000,100.06600000000000
M1937.exe,18464,0x000000000B7ACE80,D3D9,-1,0,0,13.14295840000000,1.11980000000000,100.74160000000001,0,Composed: Copy with GPU GDI,3.38160000000000,31.89440000000000,99.72290000000001
M1937.exe,18464,0x000000000B7ACE80,D3D9,-1,0,0,13.24330360000000,0.65600000000000,100.34519999999999,0,Composed: Copy with GPU GDI,2.37350000000000,31.50180000000000,99.95260000000000
M1937.exe,18464,0x000000000B7ACE80,D3D9,-1,0,0,13.34458090000000,0.49400000000000,101.27730000000000,0,Composed: Copy with GPU GDI,2.31170000000000,30.25100000000000,100.02650000000000
M1937.exe,18464,0x000000000B7ACE80,D3D9,-1,0,0,13.44575500000000,0.67730000000000,101.17410000000001,0,Composed: Copy with GPU GDI,2.59710000000000,29.10140000000000,100.02450000000000
M1937.exe,18464,0x000000000B7ACE80,D3D9,-1,0,0,13.54674430000000,1.43650000000000,100.98930000000000,0,Composed: Copy with GPU GDI,3.05530000000000,28.17170000000000,100.05960000000000
M1937.exe,18464,0x000000000B7ACE80,D3D9,-1,0,0,13.64874940000000,1.16660000000000,102.00510000000000,0,Composed: Copy with GPU GDI,2.77790000000000,26.11920000000000,99.95260000000000
M1937.exe,18464,0x000000000B7ACE80,D3D9,-1,0,0,13.74898660000000,0.55740000000000,100.23720000000000,0,Composed: Copy with GPU GDI,2.43550000000000,25.91320000000000,100.03120000000000
M1937.exe,18464,0x000000000B7ACE80,D3D9,-1,0,0,13.84958840000000,0.59540000000000,100.60180000000001,0,Composed: Copy with GPU GDI,2.58300000000000,25.46090000000000,100.14950000000000
M1937.exe,18464,0x000000000B7ACE80,D3D9,-1,0,0,13.95053500000000,1.11020000000000,100.94660000000000,0,Composed: Copy with GPU GDI,2.56260000000000,24.39770000000000,99.88339999999999
M1937.exe,18464,0x000000000B7ACE80,D3D9,-1,0,0,14.05159140000000,0.99100000000000,101.05640000000001,0,Composed: Copy with GPU GDI,2.83120000000000,23.46650000000000,100.12519999999999
M1937.exe,18464,0x000000000B7ACE80,D3D9,-1,0,0,14.15339270000000,1.03150000000000,101.80130000000000,0,Composed: Copy with GPU GDI,2.73310000000000,21.64760000000000,99.98240000000000
M1937.exe,18464,0x000000000B7ACE80,D3D9,-1,0,0,14.25442990000000,0.99700000000000,101.03720000000000,0,Composed: Copy with GPU GDI,2.78440000000000,20.40770000000000,99.79730000000001
M1937.exe,18464,0x000000000B7ACE80,D3D9,-1,0,0,14.35538610000000,0.98920000000000,100.95620000000000,0,Composed: Copy with GPU GDI,2.72240000000000,19.59080000000000,100.13930000000001
M1937.exe,18464,0x000000000B7ACE80,D3D9,-1,0,0,14.45681750000000,1.17850000000000,101.43140000000001,0,Composed: Copy with GPU GDI,2.92980000000000,34.68150000000000,116.52210000000001
M1937.exe,18464,0x000000000B7ACE80,D3D9,-1,0,0,14.56116300000000,1.09670000000000,104.34549999999999,0,Composed: Copy with GPU GDI,2.69480000000000,30.32120000000000,99.98519999999999
M1937.exe,18464,0x000000000B7ACE80,D3D9,-1,0,0,14.66677870000000,1.20460000000000,105.61570000000000,0,Composed: Copy with GPU GDI,2.96140000000000,24.87330000000000,100.16780000000000
M1937.exe,18464,0x000000000B7ACE80,D3D9,-1,0,0,14.76795030000000,0.58870000000000,101.17160000000000,0,Composed: Copy with GPU GDI,2.35120000000000,23.44230000000000,99.74060000000000
M1937.exe,18464,0x000000000B7ACE80,D3D9,-1,0,0,14.86845350000000,0.66060000000000,100.50320000000001,0,Composed: Copy with GPU GDI,2.48790000000000,23.15390000000000,100.21480000000001
M1937.exe,18464,0x000000000B7ACE80,D3D9,-1,0,0,14.96902730000000,0.51250000000000,100.57380000000001,0,Composed: Copy with GPU GDI,2.43950000000000,22.59230000000000,100.01219999999999
M1937.exe,18464,0x000000000B7ACE80,D3D9,-1,0,0,15.06993100000000,0.91480000000000,100.90370000000000,0,Composed: Copy with GPU GDI,2.77420000000000,21.53120000000000,99.84260000000000
M1937.exe,18464,0x000000000B7ACE80,D3D9,-1,0,0,15.17104400000000,1.16610000000000,101.11300000000000,0,Composed: Copy with GPU GDI,2.87420000000000,20.62320000000000,100.20500000000000
M1937.exe,18464,0x000000000B7ACE80,D3D9,-1,0,0,15.27219980000000,1.15460000000000,101.15580000000000,0,Composed: Copy with GPU GDI,2.80870000000000,19.44640000000000,99.97900000000000
M1937.exe,18464,0x000000000B7ACE80,D3D9,-1,0,0,15.37319830000000,1.17940000000000,100.99850000000001,0,Composed: Copy with GPU GDI,2.85810000000000,34.95020000000000,116.50230000000001
M1937.exe,18464,0x000000000B7ACE80,D3D9,-1,0,0,15.47419550000000,1.35240000000000,100.99719999999999,0,Composed: Copy with GPU GDI,2.70480000000000,33.93960000000000,99.98660000000000
M1937.exe,18464,0x000000000B7ACE80,D3D9,-1,0,0,15.57549440000000,1.39290000000000,101.29890000000000,0,Composed: Copy with GPU GDI,3.83360000000000,32.63430000000000,99.99360000000000
M1937.exe,18464,0x000000000B7ACE80,D3D9,-1,0,0,15.67571900000000,0.82270000000000,100.22460000000000,0,Composed: Copy with GPU GDI,3.00780000000000,32.42200000000000,100.01230000000000
M1937.exe,18464,0x000000000B7ACE80,D3D9,-1,0,0,15.77703030000000,1.02590000000000,101.31130000000000,0,Composed: Copy with GPU GDI,3.08000000000000,31.10760000000000,99.99690000000000
M1937.exe,18464,0x000000000B7ACE80,D3D9,-1,0,0,15.87788700000000,1.09700000000000,100.85669999999999,0,Composed: Copy with GPU GDI,2.52690000000000,30.34630000000000,100.09540000000000
M1937.exe,18464,0x000000000B7ACE80,D3D9,-1,0,0,15.97895040000000,0.80440000000000,101.06340000000000,0,Composed: Copy with GPU GDI,2.69240000000000,29.12580000000000,99.84290000000000
M1937.exe,18464,0x000000000B7ACE80,D3D9,-1,0,0,16.07983500000000,0.84930000000000,100.88460000000001,0,Composed: Copy with GPU GDI,3.77440000000000,28.39930000000000,100.15810000000000
M1937.exe,18464,0x000000000B7ACE80,D3D9,-1,0,0,16.18092940000000,1.04120000000000,101.09440000000001,0,Composed: Copy with GPU GDI,2.84690000000000,27.31260000000000,100.00770000000000
M1937.exe,18464,0x000000000B7ACE80,D3D9,-1,0,0,16.28217690000000,1.03460000000000,101.24750000000000,0,Composed: Copy with GPU GDI,2.86130000000000,26.05680000000000,99.99170000000001
M1937.exe,18464,0x000000000B7ACE80,D3D9,-1,0,0,16.38347630000000,1.18480000000000,101.29939999999999,0,Composed: Copy with GPU GDI,2.76170000000000,24.56470000000000,99.80730000000000
M1937.exe,18464,0x000000000B7ACE80,D3D9,-1,0,0,16.48461270000000,1.16870000000000,101.13639999999999,0,Composed: Copy with GPU GDI,2.91170000000000,23.61540000000000,100.18710000000000
M1937.exe,18464,0x000000000B7ACE80,D3D9,-1,0,0,16.59550810000000,1.26780000000000,110.89540000000001,0,Composed: Copy with GPU GDI,2.82860000000000,29.15520000000000,116.43520000000001
M1937.exe,18464,0x000000000B7ACE80,D3D9,-1,0,0,16.69685850000000,0.84050000000000,101.35039999999999,0,Composed: Copy with GPU GDI,2.71150000000000,28.02890000000000,100.22409999999999
M1937.exe,18464,0x000000000B7ACE80,D3D9,-1,0,0,16.79764130000000,0.99240000000000,100.78280000000001,0,Composed: Copy with GPU GDI,2.46060000000000,27.22410000000000,99.97799999999999
M1937.exe,18464,0x000000000B7ACE80,D3D9,-1,0,0,16.89848740000000,0.86860000000000,100.84609999999999,0,Composed: Copy with GPU GDI,2.73250000000000,26.23090000000000,99.85289999999999
M1937.exe,18464,0x000000000B7ACE80,D3D9,-1,0,0,16.99976040000000,1.21240000000000,101.27300000000000,0,Composed: Copy with GPU GDI,2.81770000000000,25.15250000000000,100.19459999999999
M1937.exe,18464,0x000000000B7ACE80,D3D9,-1,0,0,17.10074760000000,1.39540000000000,100.98720000000000,0,Composed: Copy with GPU GDI,2.84100000000000,23.97910000000000,99.81380000000000
M1937.exe,18464,0x000000000B7ACE80,D3D9,-1,0,0,17.20181800000000,2.44010000000000,101.07040000000001,0,Composed: Copy with GPU GDI,3.16690000000000,23.07820000000000,100.16950000000000
M1937.exe,18464,0x000000000B7ACE80,D3D9,-1,0,0,17.30276120000000,1.36570000000000,100.94319999999999,0,Composed: Copy with GPU GDI,3.31940000000000,21.96100000000000,99.82599999999999
M1937.exe,18464,0x000000000B7ACE80,D3D9,-1,0,0,17.40342810000000,0.90990000000000,100.66690000000000,0,Composed: Copy with GPU GDI,2.90960000000000,21.42890000000000,100.13480000000000
M1937.exe,18464,0x000000000B7ACE80,D3D9,-1,0,0,17.50455690000000,1.29540000000000,101.12880000000000,0,Composed: Copy with GPU GDI,3.40840000000000,20.32540000000000,100.02530000000000
M1937.exe,18464,0x000000000B7ACE80,D3D9,-1,0,0,17.60561550000000,0.79910000000000,101.05860000000000,0,Composed: Copy with GPU GDI,2.64810000000000,35.87270000000000,116.60590000000001
M1937.exe,18464,0x000000000B7ACE80,D3D9,-1,0,0,17.70744540000000,1.31370000000000,101.82989999999999,0,Composed: Copy with GPU GDI,2.83090000000000,34.01690000000000,99.97409999999999
M1937.exe,18464,0x000000000B7ACE80,D3D9,-1,0,0,17.80825410000000,1.36350000000000,100.80870000000000,0,Composed: Copy with GPU GDI,3.67660000000000,33.20390000000000,99.99570000000001
M1937.exe,18464,0x000000000B7ACE80,D3D9,-1,0,0,17.90927960000000,1.43720000000000,101.02550000000001,0,Composed: Copy with GPU GDI,3.94560000000000,32.24830000000000,100.06990000000000
M1937.exe,18464,0x000000000B7ACE80,D3D9,-1,0,0,18.01011620000000,1.62360000000000,100.83660000000000,0,Composed: Copy with GPU GDI,3.14090000000000,31.20830000000000,99.79660000000000
M1937.exe,18464,0x000000000B7ACE80,D3D9,-1,0,0,18.11155890000000,1.07240000000000,101.44270000000000,0,Composed: Copy with GPU GDI,3.26310000000000,29.95770000000000,100.19210000000001
M1937.exe,18464,0x000000000B7ACE80,D3D9,-1,0,0,18.21333520000000,1.08590000000000,101.77630000000001,0,Composed: Copy with GPU GDI,3.24840000000000,28.17010000000000,99.98869999999999
M1937.exe,18464,0x000000000B7ACE80,D3D9,-1,0,0,18.31423210000000,1.08550000000000,100.89690000000000,0,Composed: Copy with GPU GDI,3.11340000000000,27.02960000000000,99.75640000000000
M1937.exe,18464,0x000000000B7ACE80,D3D9,-1,0,0,18.41511300000000,1.07420000000000,100.88090000000000,0,Composed: Copy with GPU GDI,2.90890000000000,26.38910000000000,100.24039999999999
M1937.exe,18464,0x000000000B7ACE80,D3D9,-1,0,0,18.52266570000000,1.10440000000000,107.55270000000000,0,Composed: Copy with GPU GDI,2.92260000000000,35.30680000000000,116.47040000000000
M1937.exe,18464,0x000000000B7ACE80,D3D9,-1,0,0,18.62498470000000,0.97400000000000,102.31899999999999,0,Composed: Copy with GPU GDI,3.36960000000000,33.09570000000000,100.10790000000000
M1937.exe,18464,0x000000000B7ACE80,D3D9,-1,0,0,18.72664890000000,1.67370000000000,101.66419999999999,0,Composed: Copy with GPU GDI,3.49080000000000,31.32120000000000,99.88970000000000
M1937.exe,18464,0x000000000B7ACE80,D3D9,-1,0,0,18.82736530000000,0.65670000000000,100.71639999999999,0,Composed: Copy with GPU GDI,3.01220000000000,30.71420000000000,100.10940000000001
M1937.exe,18464,0x000000000B7ACE80,D3D9,-1,0,0,18.92922940000000,1.28420000000000,101.86409999999999,0,Composed: Copy with GPU GDI,3.30270000000000,28.88310000000000,100.03300000000000
M1937.exe,18464,0x000000000B7ACE80,D3D9,-1,0,0,19.03118590000000,1.38370000000000,101.95650000000001,0,Composed: Copy with GPU GDI,3.97990000000000,26.91750000000000,99.99090000000000
M1937.exe,18464,0x000000000B7ACE80,D3D9,-1,0,0,19.13204840000000,1.14670000000000,100.86250000000000,0,Composed: Copy with GPU GDI,3.19190000000000,26.04010000000000,99.98509999999999
M1937.exe,18464,0x000000000B7ACE80,D3D9,-1,0,0,19.23294930000000,1.30790000000000,100.90090000000001,0,Composed: Copy with GPU GDI,3.19980000000000,25.14140000000000,100.00220000000000
M1937.exe,18464,0x000000000B7ACE80,D3D9,-1,0,0,19.33375640000000,1.29870000000000,100.80709999999999,0,Composed: Copy with GPU GDI,3.30280000000000,24.33830000000000,100.00399999999999
M1937.exe,18464,0x000000000B7ACE80,D3D9,-1,0,0,19.43471610000000,1.33130000000000,100.95970000000000,0,Composed: Copy with GPU GDI,3.18230000000000,23.17270000000000,99.79410000000000
M1937.exe,18464,0x000000000B7ACE80,D3D9,-1,0,0,19.53587370000000,0.82310000000000,101.15760000000000,0,Composed: Copy with GPU GDI,2.56040000000000,22.08410000000000,100.06900000000000
M1937.exe,18464,0x000000000B7ACE80,D3D9,-1,0,0,19.63668820000000,1.04770000000000,100.81450000000000,0,Composed: Copy with GPU GDI,2.69620000000000,21.21720000000000,99.94759999999999
M1937.exe,18464,0x000000000B7ACE80,D3D9,-1,0,0,19.73775690000000,1.40140000000000,101.06869999999999,0,Composed: Copy with GPU GDI,2.94170000000000,20.31260000000000,100.16410000000000
M1937.exe,18464,0x000000000B7ACE80,D3D9,-1,0,0,19.83835720000000,0.85730000000000,100.60030000000000,0,Composed: Copy with GPU GDI,2.83750000000000,19.66810000000000,99.95580000000000
M1937.exe,18464,0x000000000B7ACE80,D3D9,-1,0,0,19.93967020000000,1.23740000000000,101.31300000000000,0,Composed: Copy with GPU GDI,3.02980000000000,34.93710000000000,116.58200000000001
M1937.exe,18464,0x000000000B7ACE80,D3D9,-1,0,0,20.04068660000000,1.56060000000000,101.01640000000000,0,Composed: Copy with GPU GDI,2.89540000000000,34.07559999999999,100.15490000000001
M1937.exe,18464,0x000000000B7ACE80,D3D9,-1,0,0,20.14175380000000,1.58750000000000,101.06720000000000,0,Composed: Copy with GPU GDI,4.21740000000000,32.83060000000000,99.82220000000000
M1937.exe,18464,0x000000000B7ACE80,D3D9,-1,0,0,20.24310840000000,1.82460000000000,101.35460000000000,0,Composed: Copy with GPU GDI,3.87960000000000,31.47700000000000,100.00100000000000
M1937.exe,18464,0x000000000B7ACE80,D3D9,-1,0,0,20.34569450000000,1.44840000000000,102.58610000000000,0,Composed: Copy with GPU GDI,3.22700000000000,28.82980000000000,99.93890000000000
M1937.exe,18464,0x000000000B7ACE80,D3D9,-1,0,0,20.45245710000000,1.21560000000000,106.76260000000001,0,Composed: Copy with GPU GDI,3.11950000000000,22.11540000000000,100.04820000000001
M1937.exe,18464,0x000000000B7ACE80,D3D9,-1,0,0,20.55547890000000,0.62120000000000,103.02180000000000,0,Composed: Copy with GPU GDI,2.40400000000000,19.15090000000000,100.05730000000000
M1937.exe,18464,0x000000000B7ACE80,D3D9,-1,0,0,20.66032210000000,1.28610000000000,104.84320000000000,0,Composed: Copy with GPU GDI,3.67400000000000,30.98110000000000,116.67340000000000
M1937.exe,18464,0x000000000B7ACE80,D3D9,-1,0,0,20.76157050000000,0.87680000000000,101.24840000000000,0,Composed: Copy with GPU GDI,2.90690000000000,29.59750000000000,99.86480000000000
M1937.exe,18464,0x000000000B7ACE80,D3D9,-1,0,0,20.86295300000000,1.08070000000000,101.38250000000001,0,Composed: Copy with GPU GDI,3.09320000000000,28.42390000000000,100.20890000000000
M1937.exe,18464,0x000000000B7ACE80,D3D9,-1,0,0,20.96417240000000,1.00030000000000,101.21940000000001,0,Composed: Copy with GPU GDI,3.08050000000000,27.14770000000000,99.94319999999999
M1937.exe,18464,0x000000000B7ACE80,D3D9,-1,0,0,21.06510650000000,1.23690000000000,100.93410000000000,0,Composed: Copy with GPU GDI,3.34480000000000,26.06660000000000,99.85299999999999
M1937.exe,18464,0x000000000B7ACE80,D3D9,-1,0,0,21.16538280000000,0.54470000000000,100.27629999999999,0,Composed: Copy with GPU GDI,2.75890000000000,25.85010000000000,100.05980000000001
M1937.exe,18464,0x000000000B7ACE80,D3D9,-1,0,0,21.26715810000000,0.79990000000000,101.77530000000000,0,Composed: Copy with GPU GDI,2.91270000000000,24.07850000000000,100.00369999999999
M1937.exe,18464,0x000000000B7ACE80,D3D9,-1,0,0,21.36781140000000,0.80810000000000,100.65330000000000,0,Composed: Copy with GPU GDI,2.59160000000000,23.24030000000000,99.81510000000000
M1937.exe,18464,0x000000000B7ACE80,D3D9,-1,0,0,21.46866940000000,0.90280000000000,100.85800000000000,0,Composed: Copy with GPU GDI,3.09900000000000,22.61390000000000,100.23160000000000
M1937.exe,18464,0x000000000B7ACE80,D3D9,-1,0,0,21.56951920000000,0.87540000000000,100.84980000000000,0,Composed: Copy with GPU GDI,3.02860000000000,21.65660000000000,99.89250000000000
M1937.exe,18464,0x000000000B7ACE80,D3D9,-1,0,0,21.67035120000000,0.99760000000000,100.83200000000001,0,Composed: Copy with GPU GDI,3.01900000000000,20.88300000000000,100.05840000000001
M1937.exe,18464,0x000000000B7ACE80,D3D9,-1,0,0,21.77114180000000,0.88930000000000,100.79060000000000,0,Composed: Copy with GPU GDI,2.93290000000000,19.96490000000000,99.87250000000000
M1937.exe,18464,0x000000000B7ACE80,D3D9,-1,0,0,21.87154330000000,0.71950000000000,100.40150000000000,0,Composed: Copy with GPU GDI,2.66850000000000,19.61220000000000,100.04880000000000
M1937.exe,18464,0x000000000B7ACE80,D3D9,-1,0,0,21.97263880000000,1.09850000000000,101.09550000000000,0,Composed: Copy with GPU GDI,3.03290000000000,35.18790000000000,116.67120000000000
M1937.exe,18464,0x000000000B7ACE80,D3D9,-1,0,0,22.07359850000000,1.19500000000000,100.95970000000000,0,Composed: Copy with GPU GDI,2.98440000000000,34.34780000000000,100.11960000000001
M1937.exe,18464,0x000000000B7ACE80,D3D9,-1,0,0,22.17479900000000,1.28910000000000,101.20050000000001,0,Composed: Copy with GPU GDI,4.00450000000000,33.01960000000000,99.87230000000000
M1937.exe,18464,0x000000000B7ACE80,D3D9,-1,0,0,22.27570430000000,1.51770000000000,100.90530000000000,0,Composed: Copy with GPU GDI,4.13990000000000,32.21030000000000,100.09600000000000
M1937.exe,18464,0x000000000B7ACE80,D3D9,-1,0,0,22.37677690000000,1.03670000000000,101.07259999999999,0,Composed: Copy with GPU GDI,2.97840000000000,31.11880000000000,99.98110000000000
M1937.exe,18464,0x000000000B7ACE80,D3D9,-1,0,0,22.47761620000000,0.47920000000000,100.83930000000001,0,Composed: Copy with GPU GDI,2.66080000000000,30.17140000000000,99.89190000000001
M1937.exe,18464,0x000000000B7ACE80,D3D9,-1,0,0,22.58265300000000,0.71640000000000,105.03680000000000,0,Composed: Copy with GPU GDI,2.67620000000000,25.23270000000000,100.09810000000000
M1937.exe,18464,0x000000000B7ACE80,D3D9,-1,0,0,22.68399010000000,1.16680000000000,101.33709999999999,0,Composed: Copy with GPU GDI,3.22270000000000,23.78970000000000,99.89409999999999
M1937.exe,18464,0x000000000B7ACE80,D3D9,-1,0,0,22.78514090000000,1.21410000000000,101.15080000000000,0,Composed: Copy with GPU GDI,3.25250000000000,22.62860000000000,99.98970000000000
M1937.exe,18464,0x000000000B7ACE80,D3D9,-1,0,0,22.88561990000000,0.76000000000000,100.47900000000000,0,Composed: Copy with GPU GDI,2.74550000000000,22.16700000000000,100.01740000000001
M1937.exe,18464,0x000000000B7ACE80,D3D9,-1,0,0,22.98779500000000,1.34010000000000,102.17510000000000,0,Composed: Copy with GPU GDI,3.32220000000000,19.97920000000000,99.98730000000000
M1937.exe,18464,0x000000000B7ACE80,D3D9,-1,0,0,23.08905760000000,1.19940000000000,101.26259999999999,0,Composed: Copy with GPU GDI,3.19810000000000,35.55510000000000,116.83850000000000
M1937.exe,18464,0x000000000B7ACE80,D3D9,-1,0,0,23.19034530000000,1.63510000000000,101.28770000000000,0,Composed: Copy with GPU GDI,2.92370000000000,34.16150000000000,99.89409999999999
M1937.exe,18464,0x000000000B7ACE80,D3D9,-1,0,0,23.29179680000000,2.02380000000000,101.45150000000000,0,Composed: Copy with GPU GDI,4.27210000000000,32.64200000000000,99.93200000000000
M1937.exe,18464,0x000000000B7ACE80,D3D9,-1,0,0,23.39302300000000,0.56220000000000,101.22620000000001,0,Composed: Copy with GPU GDI,2.61930000000000,31.39240000000000,99.97660000000000
M1937.exe,18464,0x000000000B7ACE80,D3D9,-1,0,0,23.49403840000000,0.84140000000000,101.01540000000000,0,Composed: Copy with GPU GDI,2.89210000000000,30.37760000000000,100.00059999999999
M1937.exe,18464,0x000000000B7ACE80,D3D9,-1,0,0,23.59490150000000,0.79410000000000,100.86310000000000,0,Composed: Copy with GPU GDI,2.88330000000000,29.64440000000000,100.12989999999999
M1937.exe,18464,0x000000000B7ACE80,D3D9,-1,0,0,23.69607600000000,0.88800000000000,101.17449999999999,0,Composed: Copy with GPU GDI,2.79030000000000,28.25800000000000,99.78810000000000
M1937.exe,18464,0x000000000B7ACE80,D3D9,-1,0,0,23.79716550000000,0.71230000000000,101.08950000000000,0,Composed: Copy with GPU GDI,2.67920000000000,27.17410000000000,100.00560000000000
M1937.exe,18464,0x000000000B7ACE80,D3D9,-1,0,0,23.89778280000000,0.58940000000000,100.61730000000000,0,Composed: Copy with GPU GDI,2.85240000000000,26.73960000000000,100.18280000000000
M1937.exe,18464,0x000000000B7ACE80,D3D9,-1,0,0,24.00499650000000,0.98040000000000,107.21369999999999,0,Composed: Copy with GPU GDI,3.12690000000000,36.15450000000000,116.62860000000001
M1937.exe,18464,0x000000000B7ACE80,D3D9,-1,0,0,24.10624600000000,1.16420000000000,101.24950000000001,0,Composed: Copy with GPU GDI,2.92570000000000,34.89390000000000,99.98890000000000
M1937.exe,18464,0x000000000B7ACE80,D3D9,-1,0,0,24.20817150000000,1.80140000000000,101.92550000000000,0,Composed: Copy with GPU GDI,3.84640000000000,33.02229999999999,100.05390000000000
M1937.exe,18464,0x000000000B7ACE80,D3D9,-1,0,0,24.30922870000000,1.57650000000000,101.05719999999999,0,Composed: Copy with GPU GDI,3.56850000000000,31.73910000000000,99.77400000000000
M1937.exe,18464,0x000000000B7ACE80,D3D9,-1,0,0,24.41011250000000,0.87910000000000,100.88379999999999,0,Composed: Copy with GPU GDI,2.69140000000000,30.92760000000000,100.07230000000000
M1937.exe,18464,0x000000000B7ACE80,D3D9,-1,0,0,24.51173640000000,1.52470000000000,101.62390000000001,0,Composed: Copy with GPU GDI,3.45570000000000,29.43590000000000,100.13220000000001
M1937.exe,18464,0x000000000B7ACE80,D3D9,-1,0,0,24.61242650000000,1.02360000000000,100.69010000000000,0,Composed: Copy with GPU GDI,2.93150000000000,28.68100000000000,99.93520000000001
M1937.exe,18464,0x000000000B7ACE80,D3D9,-1,0,0,24.71340740000000,0.99690000000000,100.98090000000001,0,Composed: Copy with GPU GDI,2.96820000000000,27.56940000000000,99.86930000000000
M1937.exe,18464,0x000000000B7ACE80,D3D9,-1,0,0,24.81524790000000,1.28470000000000,101.84050000000001,0,Composed: Copy with GPU GDI,3.20860000000000,25.69060000000000,99.96170000000001
M1937.exe,18464,0x000000000B7ACE80,D3D9,-1,0,0,24.91805280000000,1.49890000000000,102.80490000000000,0,Composed: Copy with GPU GDI,3.11740000000000,22.95570000000000,100.07000000000001
M1937.exe,18464,0x000000000B7ACE80,D3D9,-1,0,0,25.01934440000000,1.22560000000000,101.29160000000000,0,Composed: Copy with GPU GDI,3.21160000000000,21.82340000000000,100.15930000000000
M1937.exe,18464,0x000000000B7ACE80,D3D9,-1,0,0,25.12067830000000,1.20350000000000,101.33390000000000,0,Composed: Copy with GPU GDI,3.28980000000000,20.50870000000000,100.01920000000000
M1937.exe,18464,0x000000000B7ACE80,D3D9,-1,0,0,25.22205470000000,1.36470000000000,101.37640000000000,0,Composed: Copy with GPU GDI,3.38370000000000,35.59950000000000,116.46720000000001
M1937.exe,18464,0x000000000B7ACE80,D3D9,-1,0,0,25.32381380000000,1.38470000000000,101.75910000000000,0,Composed: Copy with GPU GDI,2.87100000000000,33.83920000000000,99.99880000000000
M1937.exe,18464,0x000000000B7ACE80,D3D9,-1,0,0,25.42456560000000,1.00480000000000,100.75180000000000,0,Composed: Copy with GPU GDI,4.06980000000000,33.22499999999999,100.13759999999999
M1937.exe,18464,0x000000000B7ACE80,D3D9,-1,0,0,25.53787520000000,1.40860000000000,113.30960000000000,0,Composed: Copy with GPU GDI,3.26640000000000,19.94910000000000,100.03370000000001
M1937.exe,18464,0x000000000B7ACE80,D3D9,-1,0,0,25.63926170000000,1.20340000000000,101.38650000000000,0,Composed: Copy with GPU GDI,2.93220000000000,35.22260000000000,116.66000000000000
M1937.exe,18464,0x000000000B7ACE80,D3D9,-1,0,0,25.74127210000000,1.76450000000000,102.01040000000000,0,Composed: Copy with GPU GDI,5.02910000000000,33.05690000000000,99.84469999999999
M1937.exe,18464,0x000000000B7ACE80,D3D9,-1,0,0,25.84277880000000,1.08420000000000,101.50670000000001,0,Composed: Copy with GPU GDI,3.18390000000000,31.48020000000000,99.93000000000001
M1937.exe,18464,0x000000000B7ACE80,D3D9,-1,0,0,25.94435990000000,1.11320000000000,101.58109999999999,0,Composed: Copy with GPU GDI,3.63350000000000,29.88680000000000,99.98770000000000
M1937.exe,18464,0x000000000B7ACE80,D3D9,-1,0,0,26.04553380000000,0.91800000000000,101.17390000000000,0,Composed: Copy with GPU GDI,2.97840000000000,28.82690000000000,100.11399999999999
M1937.exe,18464,0x000000000B7ACE80,D3D9,-1,0,0,26.14688590000000,1.21880000000000,101.35210000000001,0,Composed: Copy with GPU GDI,3.32430000000000,27.57910000000000,100.10429999999999
M1937.exe,18464,0x000000000B7ACE80,D3D9,-1,0,0,26.24898680000000,1.18350000000000,102.10090000000000,0,Composed: Copy with GPU GDI,3.24600000000000,25.30950000000000,99.83130000000000
M1937.exe,18464,0x000000000B7ACE80,D3D9,-1,0,0,26.34966410000000,0.99900000000000,100.67730000000000,0,Composed: Copy with GPU GDI,2.69680000000000,24.54820000000000,99.91600000000001
M1937.exe,18464,0x000000000B7ACE80,D3D9,-1,0,0,26.45027140000000,0.60450000000000,100.60730000000000,0,Composed: Copy with GPU GDI,2.78420000000000,24.12330000000000,100.18240000000000
M1937.exe,18464,0x000000000B7ACE80,D3D9,-1,0,0,26.55222200000000,1.42390000000000,101.95060000000001,0,Composed: Copy with GPU GDI,2.81120000000000,22.20740000000000,100.03470000000000
M1937.exe,18464,0x000000000B7ACE80,D3D9,-1,0,0,26.65318330000000,1.16600000000000,100.96130000000001,0,Composed: Copy with GPU GDI,3.24220000000000,21.12400000000000,99.87790000000001
M1937.exe,18464,0x000000000B7ACE80,D3D9,-1,0,0,26.75395010000000,1.03130000000000,100.76680000000000,0,Composed: Copy with GPU GDI,3.12530000000000,20.46150000000000,100.10429999999999
M1937.exe,18464,0x000000000B7ACE80,D3D9,-1,0,0,26.85500510000000,1.19820000000000,101.05500000000001,0,Composed: Copy with GPU GDI,2.78500000000000,19.14840000000000,99.74190000000000
M1937.exe,18464,0x000000000B7ACE80,D3D9,-1,0,0,26.95639940000000,0.94550000000000,101.39430000000000,0,Composed: Copy with GPU GDI,2.87480000000000,34.45829999999999,116.70420000000000
M1937.exe,18464,0x000000000B7ACE80,D3D9,-1,0,0,27.06527050000000,1.07140000000000,108.87110000000000,0,Composed: Copy with GPU GDI,3.24250000000000,25.60720000000000,100.02000000000000
M1937.exe,18464,0x000000000B7ACE80,D3D9,-1,0,0,27.16640320000000,1.07120000000000,101.13270000000000,0,Composed: Copy with GPU GDI,3.22960000000000,24.61000000000000,100.13550000000001
M1937.exe,18464,0x000000000B7ACE80,D3D9,-1,0,0,27.26784570000000,0.95150000000000,101.44250000000001,0,Composed: Copy with GPU GDI,3.05340000000000,23.02630000000000,99.85880000000000
M1937.exe,18464,0x000000000B7ACE80,D3D9,-1,0,0,27.36887440000000,0.93430000000000,101.02870000000000,0,Composed: Copy with GPU GDI,2.76940000000000,21.95830000000000,99.96070000000000
M1937.exe,18464,0x000000000B7ACE80,D3D9,-1,0,0,27.47075680000000,1.47900000000000,101.88240000000000,0,Composed: Copy with GPU GDI,3.62250000000000,20.25580000000000,100.17990000000000
M1937.exe,18464,0x000000000B7ACE80,D3D9,-1,0,0,27.57210920000000,1.37240000000000,101.35239999999999,0,Composed: Copy with GPU GDI,3.19590000000000,35.45400000000000,116.55060000000000
M1937.exe,18464,0x000000000B7ACE80,D3D9,-1,0,0,27.67305800000000,0.88200000000000,100.94880000000001,0,Composed: Copy with GPU GDI,2.85790000000000,34.58170000000000,100.07650000000000
M1937.exe,18464,0x000000000B7ACE80,D3D9,-1,0,0,27.77396140000000,1.25270000000000,100.90340000000000,0,Composed: Copy with GPU GDI,4.00170000000000,33.69780000000000,100.01949999999999
M1937.exe,18464,0x000000000B7ACE80,D3D9,-1,0,0,27.87541040000000,1.68780000000000,101.44900000000000,0,Composed: Copy with GPU GDI,4.00790000000000,32.01690000000000,99.76810000000000
M1937.exe,18464,0x000000000B7ACE80,D3D9,-1,0,0,27.97735630000000,1.55980000000000,101.94590000000001,0,Composed: Copy with GPU GDI,3.19630000000000,30.18570000000000,100.11470000000000
M1937.exe,18464,0x000000000B7ACE80,D3D9,-1,0,0,28.07948310000000,1.51070000000000,102.12680000000000,0,Composed: Copy with GPU GDI,3.55610000000000,28.21170000000000,100.15280000000000
M1937.exe,18464,0x000000000B7ACE80,D3D9,-1,0,0,28.18143810000000,1.67100000000000,101.95500000000000,0,Composed: Copy with GPU GDI,2.99630000000000,26.17780000000000,99.92110000000000
M1937.exe,18464,0x000000000B7ACE80,D3D9,-1,0,0,28.28272480000000,1.33540000000000,101.28670000000000,0,Composed: Copy with GPU GDI,3.30160000000000,24.95800000000000,100.06690000000000
M1937.exe,18464,0x000000000B7ACE80,D3D9,-1,0,0,28.38416720000000,1.28470000000000,101.44240000000001,0,Composed: Copy with GPU GDI,2.91310000000000,23.26560000000000,99.75000000000000
M1937.exe,18464,0x000000000B7ACE80,D3D9,-1,0,0,28.48517750000000,1.30590000000000,101.01030000000000,0,Composed: Copy with GPU GDI,2.59810000000000,22.39980000000000,100.14449999999999
M1937.exe,18464,0x000000000B7ACE80,D3D9,-1,0,0,28.59292970000000,0.98180000000000,107.75220000000000,0,Composed: Copy with GPU GDI,3.05170000000000,31.37710000000000,116.72950000000000
M1937.exe,18464,0x000000000B7ACE80,D3D9,-1,0,0,28.69475300000000,1.33470000000000,101.82330000000000,0,Composed: Copy with GPU GDI,3.33300000000000,29.40780000000000,99.85400000000000
M1937.exe,18464,0x000000000B7ACE80,D3D9,-1,0,0,28.79645470000000,0.94630000000000,101.70170000000000,0,Composed: Copy with GPU GDI,2.87660000000000,27.84450000000000,100.13840000000000
M1937.exe,18464,0x000000000B7ACE80,D3D9,-1,0,0,28.89794540000000,1.24000000000000,101.49070000000000,0,Composed: Copy with GPU GDI,2.92190000000000,26.14730000000000,99.79349999999999
M1937.exe,18464,0x000000000B7ACE80,D3D9,-1,0,0,28.99940380000000,0.80420000000000,101.45840000000000,0,Composed: Copy with GPU GDI,3.03180000000000,24.88470000000000,100.19580000000001
M1937.exe,18464,0x000000000B7ACE80,D3D9,-1,0,0,29.10163040000000,1.21010000000000,102.22660000000000,0,Composed: Copy with GPU GDI,3.32300000000000,22.68680000000000,100.02870000000000
M1937.exe,18464,0x000000000B7ACE80,D3D9,-1,0,0,29.20243720000000,0.68100000000000,100.80680000000000,0,Composed: Copy with GPU GDI,2.50490000000000,21.81440000000000,99.93440000000001
M1937.exe,18464,0x000000000B7ACE80,D3D9,-1,0,0,29.30360210000000,0.77710000000000,101.16490000000000,0,Composed: Copy with GPU GDI,2.89770000000000,20.65250000000000,100.00300000000000
M1937.exe,18464,0x000000000B7ACE80,D3D9,-1,0,0,29.40525190000000,0.85210000000000,101.64980000000000,0,Composed: Copy with GPU GDI,2.93920000000000,35.39480000000000,116.39210000000000
M1937.exe,18464,0x000000000B7ACE80,D3D9,-1,0,0,29.50640590000000,0.80970000000000,101.15400000000000,0,Composed: Copy with GPU GDI,2.81990000000000,34.44440000000000,100.20360000000001
M1937.exe,18464,0x000000000B7ACE80,D3D9,-1,0,0,29.60760880000000,1.05390000000000,101.20290000000000,0,Composed: Copy with GPU GDI,4.02540000000000,33.13039999999999,99.88890000000001
M1937.exe,18464,0x000000000B7ACE80,D3D9,-1,0,0,29.70911020000000,1.39950000000000,101.50140000000000,0,Composed: Copy with GPU GDI,3.75100000000000,31.78490000000000,100.15590000000000
M1937.exe,18464,0x000000000B7ACE80,D3D9,-1,0,0,29.81085050000000,1.07630000000000,101.74030000000000,0,Composed: Copy with GPU GDI,3.07780000000000,30.06820000000000,100.02360000000000
M1937.exe,18464,0x000000000B7ACE80,D3D9,-1,0,0,29.91194980000000,0.84450000000000,101.09930000000000,0,Composed: Copy with GPU GDI,2.67590000000000,28.95260000000000,99.98370000000000
M1937.exe,18464,0x000000000B7ACE80,D3D9,-1,0,0,30.02247590000000,1.02150000000000,110.52610000000000,0,Composed: Copy with GPU GDI,2.84640000000000,35.07870000000000,116.65219999999999
M1937.exe,18464,0x000000000B7ACE80,D3D9,-1,0,0,30.12362890000000,1.55340000000000,101.15300000000001,0,Composed: Copy with GPU GDI,3.33400000000000,33.81190000000000,99.88619999999999
M1937.exe,18464,0x000000000B7ACE80,D3D9,-1,0,0,30.22509530000000,1.86040000000000,101.46639999999999,0,Composed: Copy with GPU GDI,5.29830000000000,32.42260000000000,100.07710000000000
M1937.exe,18464,0x000000000B7ACE80,D3D9,-1,0,0,30.32692370000000,1.23420000000000,101.82840000000000,0,Composed: Copy with GPU GDI,2.80280000000000,30.58730000000000,99.99310000000000
M1937.exe,18464,0x000000000B7ACE80,D3D9,-1,0,0,30.43250970000000,0.89680000000000,105.58600000000000,0,Composed: Copy with GPU GDI,2.65060000000000,24.84250000000000,99.84120000000000
M1937.exe,18464,0x000000000B7ACE80,D3D9,-1,0,0,30.53363440000000,0.82330000000000,101.12470000000000,0,Composed: Copy with GPU GDI,2.86950000000000,23.73730000000000,100.01949999999999
M1937.exe,18464,0x000000000B7ACE80,D3D9,-1,0,0,30.63537590000000,1.21510000000000,101.74150000000000,0,Composed: Copy with GPU GDI,3.15780000000000,22.09700000000000,100.10120000000001
M1937.exe,18464,0x000000000B7ACE80,D3D9,-1,0,0,30.73699080000000,1.41220000000000,101.61489999999999,0,Composed: Copy with GPU GDI,3.19230000000000,20.57510000000000,100.09300000000000
M1937.exe,18464,0x000000000B7ACE80,D3D9,-1,0,0,30.83837670000000,1.27910000000000,101.38590000000001,0,Composed: Copy with GPU GDI,3.41480000000000,35.64060000000000,116.45139999999999
M1937.exe,18464,0x000000000B7ACE80,D3D9,-1,0,0,30.93940380000000,0.51860000000000,101.02709999999999,0,Composed: Copy with GPU GDI,2.50530000000000,34.66000000000000,100.04649999999999
M1937.exe,18464,0x000000000B7ACE80,D3D9,-1,0,0,31.04098540000000,1.03090000000000,101.58159999999999,0,Composed: Copy with GPU GDI,4.29030000000000,33.20640000000000,100.12800000000000
M1937.exe,18464,0x000000000B7ACE80,D3D9,-1,0,0,31.14233210000000,1.36010000000000,101.34670000000000,0,Composed: Copy with GPU GDI,3.77320000000000,31.83820000000000,99.97850000000000
M1937.exe,18464,0x000000000B7ACE80,D3D9,-1,0,0,31.24421070000000,1.22770000000000,101.87860000000001,0,Composed: Copy with GPU GDI,3.29200000000000,30.00140000000000,100.04179999999999
M1937.exe,18464,0x000000000B7ACE80,D3D9,-1,0,0,31.34561380000000,1.24740000000000,101.40309999999999,0,Composed: Copy with GPU GDI,2.85680000000000,28.35390000000000,99.75560000000000
M1937.exe,18464,0x000000000B7ACE80,D3D9,-1,0,0,31.44674540000000,0.74530000000000,101.13160000000001,0,Composed: Copy with GPU GDI,2.51050000000000,27.20190000000000,99.97960000000000
M1937.exe,18464,0x000000000B7ACE80,D3D9,-1,0,0,31.55429950000000,0.74450000000000,107.55410000000001,0,Composed: Copy with GPU GDI,2.63740000000000,19.85750000000000,100.20970000000000
M1937.exe,18464,0x000000000B7ACE80,D3D9,-1,0,0,31.65558830000000,1.21920000000000,101.28879999999999,0,Composed: Copy with GPU GDI,2.98840000000000,35.10740000000000,116.53869999999999
M1937.exe,18464,0x000000000B7ACE80,D3D9,-1,0,0,31.75698260000000,1.75000000000000,101.39430000000000,0,Composed: Copy with GPU GDI,3.45970000000000,33.78660000000000,100.07350000000000
M1937.exe,18464,0x000000000B7ACE80,D3D9,-1,0,0,31.85914390000000,1.54100000000000,102.16130000000000,0,Composed: Copy with GPU GDI,3.38110000000000,31.52930000000000,99.90400000000001
M1937.exe,18464,0x000000000B7ACE80,D3D9,-1,0,0,31.96019640000000,0.50780000000000,101.05250000000001,0,Composed: Copy with GPU GDI,2.25120000000000,30.46270000000000,99.98590000000000
M1937.exe,18464,0x000000000B7ACE80,D3D9,-1,0,0,32.06195620000000,1.27220000000000,101.75980000000000,0,Composed: Copy with GPU GDI,2.93280000000000,28.80720000000000,100.10429999999999
M1937.exe,18464,0x000000000B7ACE80,D3D9,-1,0,0,32.16413150000000,1.22070000000000,102.17529999999999,0,Composed: Copy with GPU GDI,2.91790000000000,26.69760000000000,100.06569999999999
M1937.exe,18464,0x000000000B7ACE80,D3D9,-1,0,0,32.26548980000000,1.36470000000000,101.35830000000000,0,Composed: Copy with GPU GDI,3.36820000000000,25.18760000000000,99.84829999999999
M1937.exe,18464,0x000000000B7ACE80,D3D9,-1,0,0,32.36691510000000,1.48710000000000,101.42529999999999,0,Composed: Copy with GPU GDI,2.87130000000000,23.86210000000000,100.09980000000000
M1937.exe,18464,0x000000000B7ACE80,D3D9,-1,0,0,32.46802270000000,0.51860000000000,101.10760000000001,0,Composed: Copy with GPU GDI,2.36230000000000,22.65150000000000,99.89700000000001
M1937.exe,18464,0x000000000B7ACE80,D3D9,-1,0,0,32.56962790000000,1.21730000000000,101.60520000000001,0,Composed: Copy with GPU GDI,3.15150000000000,21.14880000000000,100.10249999999999
M1937.exe,18464,0x000000000B7ACE80,D3D9,-1,0,0,32.67095850000000,1.21820000000000,101.33060000000000,0,Composed: Copy with GPU GDI,3.16880000000000,19.85170000000000,100.03350000000000
M1937.exe,18464,0x000000000B7ACE80,D3D9,-1,0,0,32.77227580000000,1.40990000000000,101.31730000000000,0,Composed: Copy with GPU GDI,3.00040000000000,35.16980000000000,116.63540000000000
M1937.exe,18464,0x000000000B7ACE80,D3D9,-1,0,0,32.87365420000000,1.69160000000000,101.37840000000000,0,Composed: Copy with GPU GDI,3.72900000000000,33.64100000000000,99.84960000000000
M1937.exe,18464,0x000000000B7ACE80,D3D9,-1,0,0,32.97449890000000,1.05780000000000,100.84469999999999,0,Composed: Copy with GPU GDI,3.31660000000000,32.79990000000000,100.00359999999999
M1937.exe,18464,0x000000000B7ACE80,D3D9,-1,0,0,33.08851740000000,1.22320000000000,114.01849999999999,0,Composed: Copy with GPU GDI,3.23860000000000,35.54870000000000,116.76730000000001
M1937.exe,18464,0x000000000B7ACE80,D3D9,-1,0,0,33.18951660000000,1.27750000000000,100.99920000000000,0,Composed: Copy with GPU GDI,3.03040000000000,34.59550000000000,100.04599999999999
M1937.exe,18464,0x000000000B7ACE80,D3D9,-1,0,0,33.29194210000000,1.73500000000000,102.42550000000000,0,Composed: Copy with GPU GDI,3.73540000000000,32.12750000000000,99.95750000000001
M1937.exe,18464,0x000000000B7ACE80,D3D9,-1,0,0,33.39266490000000,1.88610000000000,100.72280000000001,0,Composed: Copy with GPU GDI,4.60950000000000,31.43630000000000,100.03160000000000
M1937.exe,18464,0x000000000B7ACE80,D3D9,-1,0,0,33.49374070000000,0.93140000000000,101.07579999999999,0,Composed: Copy with GPU GDI,2.72990000000000,30.21800000000000,99.85750000000000
M1937.exe,18464,0x000000000B7ACE80,D3D9,-1,0,0,33.59516130000000,1.39930000000000,101.42059999999999,0,Composed: Copy with GPU GDI,3.12390000000000,28.69240000000000,99.89500000000000
M1937.exe,18464,0x000000000B7ACE80,D3D9,-1,0,0,33.69564190000000,0.62760000000000,100.48060000000001,0,Composed: Copy with GPU GDI,2.70740000000000,28.38620000000000,100.17439999999999
M1937.exe,18464,0x000000000B7ACE80,D3D9,-1,0,0,33.79757430000000,1.15700000000000,101.93240000000000,0,Composed: Copy with GPU GDI,2.89000000000000,26.25770000000000,99.80390000000000
M1937.exe,18464,0x000000000B7ACE80,D3D9,-1,0,0,33.89834460000000,0.87210000000000,100.77029999999999,0,Composed: Copy with GPU GDI,3.02490000000000,25.50110000000000,100.01370000000000
M1937.exe,18464,0x000000000B7ACE80,D3D9,-1,0,0,33.99901530000000,0.49300000000000,100.67070000000000,0,Composed: Copy with GPU GDI,2.58990000000000,24.81580000000000,99.98540000000000
M1937.exe,18464,0x000000000B7ACE80,D3D9,-1,0,0,34.10005270000000,0.73040000000000,101.03740000000001,0,Composed: Copy with GPU GDI,2.96940000000000,24.01090000000000,100.23250000000000
M1937.exe,18464,0x000000000B7ACE80,D3D9,-1,0,0,34.20092750000000,0.87080000000000,100.87480000000001,0,Composed: Copy with GPU GDI,2.94740000000000,23.09090000000000,99.95479999999999
M1937.exe,18464,0x000000000B7ACE80,D3D9,-1,0,0,34.30216510000000,1.40520000000000,101.23760000000000,0,Composed: Copy with GPU GDI,3.37390000000000,21.74410000000000,99.89080000000000
M1937.exe,18464,0x000000000B7ACE80,D3D9,-1,0,0,34.40350810000000,1.20870000000000,101.34300000000000,0,Composed: Copy with GPU GDI,3.34580000000000,20.35360000000000,99.95250000000000
M1937.exe,18464,0x000000000B7ACE80,D3D9,-1,0,0,34.50837400000000,1.22740000000000,104.86590000000000,0,Composed: Copy with GPU GDI,2.69150000000000,32.10210000000000,116.61439999999999
